#!,Workbook:,Custom,Custom,,,,,,
#!,To play this data back: Open the original Excel workbook file then click the *Import Data File* button in the *Data Streamer* ribbon and navigate to this file.,,,,,,,,
#!,For more information visit http://aka.ms/hackingstem/,,,,,,,,
29,,,,,,,,,
26,,,,,,,,,
29,,,,,,,,,
28,,,,,,,,,
27,,,,,,,,,
30,,,,,,,,,
29,,,,,,,,,
28,,,,,,,,,
29,,,,,,,,,
30,,,,,,,,,
29,,,,,,,,,
29,,,,,,,,,
29,,,,,,,,,
29,,,,,,,,,
29,,,,,,,,,
29,,,,,,,,,
29,,,,,,,,,
29,,,,,,,,,
29,,,,,,,,,
30,,,,,,,,,
30,,,,,,,,,
29,,,,,,,,,
28,,,,,,,,,
29,,,,,,,,,
29,,,,,,,,,
30,,,,,,,,,
30,,,,,,,,,
29,,,,,,,,,
27,,,,,,,,,
0,,,,,,,,,
0,,,,,,,,,
0,,,,,,,,,
0,,,,,,,,,
0,,,,,,,,,
0,,,,,,,,,
0,,,,,,,,,
0,,,,,,,,,
3,,,,,,,,,
0,,,,,,,,,
0,,,,,,,,,
0,,,,,,,,,
0,,,,,,,,,
0,,,,,,,,,
0,,,,,,,,,
0,,,,,,,,,
0,,,,,,,,,
0,,,,,,,,,
0,,,,,,,,,
0,,,,,,,,,
0,,,,,,,,,
0,,,,,,,,,
0,,,,,,,,,
0,,,,,,,,,
0,,,,,,,,,
0,,,,,,,,,
0,,,,,,,,,
0,,,,,,,,,
0,,,,,,,,,
0,,,,,,,,,
0,,,,,,,,,
0,,,,,,,,,
0,,,,,,,,,
0,,,,,,,,,
0,,,,,,,,,
0,,,,,,,,,
0,,,,,,,,,
0,,,,,,,,,
0,,,,,,,,,
0,,,,,,,,,
0,,,,,,,,,
0,,,,,,,,,
0,,,,,,,,,
0,,,,,,,,,
0,,,,,,,,,
0,,,,,,,,,
0,,,,,,,,,
0,,,,,,,,,
0,,,,,,,,,
0,,,,,,,,,
0,,,,,,,,,
0,,,,,,,,,
0,,,,,,,,,
0,,,,,,,,,
0,,,,,,,,,
0,,,,,,,,,
0,,,,,,,,,
0,,,,,,,,,
0,,,,,,,,,
0,,,,,,,,,
0,,,,,,,,,
0,,,,,,,,,
0,,,,,,,,,
0,,,,,,,,,
0,,,,,,,,,
0,,,,,,,,,
0,,,,,,,,,
0,,,,,,,,,
0,,,,,,,,,
0,,,,,,,,,
0,,,,,,,,,
0,,,,,,,,,
0,,,,,,,,,
0,,,,,,,,,
0,,,,,,,,,
0,,,,,,,,,
0,,,,,,,,,
0,,,,,,,,,
0,,,,,,,,,
0,,,,,,,,,
0,,,,,,,,,
0,,,,,,,,,
0,,,,,,,,,
0,,,,,,,,,
0,,,,,,,,,
0,,,,,,,,,
0,,,,,,,,,
0,,,,,,,,,
0,,,,,,,,,
0,,,,,,,,,
0,,,,,,,,,
0,,,,,,,,,
0,,,,,,,,,
0,,,,,,,,,
0,,,,,,,,,
0,,,,,,,,,
0,,,,,,,,,
0,,,,,,,,,
0,,,,,,,,,
0,,,,,,,,,
0,,,,,,,,,
0,,,,,,,,,
0,,,,,,,,,
0,,,,,,,,,
0,,,,,,,,,
0,,,,,,,,,
0,,,,,,,,,
0,,,,,,,,,
0,,,,,,,,,
0,,,,,,,,,
0,,,,,,,,,
0,,,,,,,,,
0,,,,,,,,,
0,,,,,,,,,
0,,,,,,,,,
0,,,,,,,,,
0,,,,,,,,,
0,,,,,,,,,
0,,,,,,,,,
0,,,,,,,,,
0,,,,,,,,,
0,,,,,,,,,
0,,,,,,,,,
0,,,,,,,,,
0,,,,,,,,,
0,,,,,,,,,
0,,,,,,,,,
0,,,,,,,,,
0,,,,,,,,,
0,,,,,,,,,
0,,,,,,,,,
0,,,,,,,,,
0,,,,,,,,,
0,,,,,,,,,
0,,,,,,,,,
0,,,,,,,,,
0,,,,,,,,,
0,,,,,,,,,
0,,,,,,,,,
0,,,,,,,,,
0,,,,,,,,,
0,,,,,,,,,
0,,,,,,,,,
0,,,,,,,,,
0,,,,,,,,,
0,,,,,,,,,
0,,,,,,,,,
0,,,,,,,,,
0,,,,,,,,,
0,,,,,,,,,
0,,,,,,,,,
0,,,,,,,,,
0,,,,,,,,,
0,,,,,,,,,
0,,,,,,,,,
0,,,,,,,,,
0,,,,,,,,,
0,,,,,,,,,
0,,,,,,,,,
0,,,,,,,,,
0,,,,,,,,,
0,,,,,,,,,
0,,,,,,,,,
0,,,,,,,,,
0,,,,,,,,,
0,,,,,,,,,
0,,,,,,,,,
0,,,,,,,,,
0,,,,,,,,,
0,,,,,,,,,
0,,,,,,,,,
0,,,,,,,,,
0,,,,,,,,,
0,,,,,,,,,
0,,,,,,,,,
0,,,,,,,,,
0,,,,,,,,,
0,,,,,,,,,
0,,,,,,,,,
0,,,,,,,,,
0,,,,,,,,,
0,,,,,,,,,
0,,,,,,,,,
0,,,,,,,,,
0,,,,,,,,,
0,,,,,,,,,
0,,,,,,,,,
0,,,,,,,,,
0,,,,,,,,,
0,,,,,,,,,
0,,,,,,,,,
0,,,,,,,,,
0,,,,,,,,,
0,,,,,,,,,
0,,,,,,,,,
0,,,,,,,,,
0,,,,,,,,,
0,,,,,,,,,
0,,,,,,,,,
0,,,,,,,,,
0,,,,,,,,,
0,,,,,,,,,
0,,,,,,,,,
0,,,,,,,,,
0,,,,,,,,,
0,,,,,,,,,
0,,,,,,,,,
0,,,,,,,,,
0,,,,,,,,,
0,,,,,,,,,
0,,,,,,,,,
0,,,,,,,,,
0,,,,,,,,,
0,,,,,,,,,
0,,,,,,,,,
0,,,,,,,,,
0,,,,,,,,,
0,,,,,,,,,
0,,,,,,,,,
0,,,,,,,,,
0,,,,,,,,,
0,,,,,,,,,
0,,,,,,,,,
0,,,,,,,,,
0,,,,,,,,,
0,,,,,,,,,
0,,,,,,,,,
0,,,,,,,,,
0,,,,,,,,,
0,,,,,,,,,
0,,,,,,,,,
0,,,,,,,,,
0,,,,,,,,,
0,,,,,,,,,
0,,,,,,,,,
0,,,,,,,,,
0,,,,,,,,,
0,,,,,,,,,
0,,,,,,,,,
0,,,,,,,,,
0,,,,,,,,,
0,,,,,,,,,
0,,,,,,,,,
0,,,,,,,,,
0,,,,,,,,,
0,,,,,,,,,
0,,,,,,,,,
0,,,,,,,,,
0,,,,,,,,,
0,,,,,,,,,
0,,,,,,,,,
0,,,,,,,,,
0,,,,,,,,,
0,,,,,,,,,
0,,,,,,,,,
0,,,,,,,,,
0,,,,,,,,,
0,,,,,,,,,
0,,,,,,,,,
0,,,,,,,,,
0,,,,,,,,,
0,,,,,,,,,
0,,,,,,,,,
0,,,,,,,,,
0,,,,,,,,,
0,,,,,,,,,
0,,,,,,,,,
0,,,,,,,,,
0,,,,,,,,,
0,,,,,,,,,
0,,,,,,,,,
0,,,,,,,,,
0,,,,,,,,,
0,,,,,,,,,
0,,,,,,,,,
0,,,,,,,,,
0,,,,,,,,,
0,,,,,,,,,
0,,,,,,,,,
0,,,,,,,,,
0,,,,,,,,,
0,,,,,,,,,
0,,,,,,,,,
0,,,,,,,,,
0,,,,,,,,,
0,,,,,,,,,
0,,,,,,,,,
0,,,,,,,,,
0,,,,,,,,,
0,,,,,,,,,
0,,,,,,,,,
0,,,,,,,,,
0,,,,,,,,,
0,,,,,,,,,
0,,,,,,,,,
0,,,,,,,,,
0,,,,,,,,,
0,,,,,,,,,
0,,,,,,,,,
0,,,,,,,,,
0,,,,,,,,,
0,,,,,,,,,
0,,,,,,,,,
0,,,,,,,,,
0,,,,,,,,,
0,,,,,,,,,
0,,,,,,,,,
0,,,,,,,,,
0,,,,,,,,,
0,,,,,,,,,
0,,,,,,,,,
0,,,,,,,,,
0,,,,,,,,,
0,,,,,,,,,
0,,,,,,,,,
0,,,,,,,,,
0,,,,,,,,,
0,,,,,,,,,
0,,,,,,,,,
0,,,,,,,,,
0,,,,,,,,,
0,,,,,,,,,
0,,,,,,,,,
0,,,,,,,,,
0,,,,,,,,,
0,,,,,,,,,
0,,,,,,,,,
0,,,,,,,,,
0,,,,,,,,,
0,,,,,,,,,
0,,,,,,,,,
0,,,,,,,,,
0,,,,,,,,,
0,,,,,,,,,
0,,,,,,,,,
0,,,,,,,,,
0,,,,,,,,,
0,,,,,,,,,
0,,,,,,,,,
0,,,,,,,,,
0,,,,,,,,,
0,,,,,,,,,
0,,,,,,,,,
0,,,,,,,,,
0,,,,,,,,,
0,,,,,,,,,
0,,,,,,,,,
0,,,,,,,,,
0,,,,,,,,,
0,,,,,,,,,
0,,,,,,,,,
0,,,,,,,,,
0,,,,,,,,,
0,,,,,,,,,
0,,,,,,,,,
0,,,,,,,,,
0,,,,,,,,,
0,,,,,,,,,
0,,,,,,,,,
0,,,,,,,,,
0,,,,,,,,,
0,,,,,,,,,
0,,,,,,,,,
0,,,,,,,,,
0,,,,,,,,,
0,,,,,,,,,
0,,,,,,,,,
0,,,,,,,,,
0,,,,,,,,,
0,,,,,,,,,
0,,,,,,,,,
0,,,,,,,,,
0,,,,,,,,,
0,,,,,,,,,
0,,,,,,,,,
0,,,,,,,,,
0,,,,,,,,,
0,,,,,,,,,
0,,,,,,,,,
0,,,,,,,,,
0,,,,,,,,,
0,,,,,,,,,
0,,,,,,,,,
0,,,,,,,,,
0,,,,,,,,,
0,,,,,,,,,
0,,,,,,,,,
0,,,,,,,,,
0,,,,,,,,,
0,,,,,,,,,
0,,,,,,,,,
0,,,,,,,,,
0,,,,,,,,,
0,,,,,,,,,
0,,,,,,,,,
0,,,,,,,,,
0,,,,,,,,,
0,,,,,,,,,
0,,,,,,,,,
0,,,,,,,,,
0,,,,,,,,,
0,,,,,,,,,
0,,,,,,,,,
0,,,,,,,,,
0,,,,,,,,,
0,,,,,,,,,
0,,,,,,,,,
0,,,,,,,,,
0,,,,,,,,,
0,,,,,,,,,
0,,,,,,,,,
0,,,,,,,,,
0,,,,,,,,,
0,,,,,,,,,
0,,,,,,,,,
0,,,,,,,,,
0,,,,,,,,,
0,,,,,,,,,
0,,,,,,,,,
0,,,,,,,,,
0,,,,,,,,,
0,,,,,,,,,
0,,,,,,,,,
0,,,,,,,,,
0,,,,,,,,,
0,,,,,,,,,
0,,,,,,,,,
0,,,,,,,,,
0,,,,,,,,,
0,,,,,,,,,
0,,,,,,,,,
0,,,,,,,,,
0,,,,,,,,,
0,,,,,,,,,
0,,,,,,,,,
0,,,,,,,,,
0,,,,,,,,,
0,,,,,,,,,
0,,,,,,,,,
0,,,,,,,,,
0,,,,,,,,,
0,,,,,,,,,
0,,,,,,,,,
0,,,,,,,,,
0,,,,,,,,,
0,,,,,,,,,
0,,,,,,,,,
0,,,,,,,,,
0,,,,,,,,,
0,,,,,,,,,
0,,,,,,,,,
0,,,,,,,,,
0,,,,,,,,,
0,,,,,,,,,
0,,,,,,,,,
0,,,,,,,,,
0,,,,,,,,,
0,,,,,,,,,
0,,,,,,,,,
0,,,,,,,,,
0,,,,,,,,,
0,,,,,,,,,
0,,,,,,,,,
0,,,,,,,,,
0,,,,,,,,,
0,,,,,,,,,
0,,,,,,,,,
0,,,,,,,,,
0,,,,,,,,,
0,,,,,,,,,
0,,,,,,,,,
0,,,,,,,,,
0,,,,,,,,,
0,,,,,,,,,
0,,,,,,,,,
0,,,,,,,,,
0,,,,,,,,,
0,,,,,,,,,
0,,,,,,,,,
0,,,,,,,,,
0,,,,,,,,,
0,,,,,,,,,
0,,,,,,,,,
0,,,,,,,,,
0,,,,,,,,,
0,,,,,,,,,
0,,,,,,,,,
0,,,,,,,,,
0,,,,,,,,,
0,,,,,,,,,
0,,,,,,,,,
0,,,,,,,,,
0,,,,,,,,,
0,,,,,,,,,
0,,,,,,,,,
0,,,,,,,,,
0,,,,,,,,,
0,,,,,,,,,
0,,,,,,,,,
0,,,,,,,,,
0,,,,,,,,,
0,,,,,,,,,
0,,,,,,,,,
0,,,,,,,,,
0,,,,,,,,,
0,,,,,,,,,
0,,,,,,,,,
0,,,,,,,,,
0,,,,,,,,,
0,,,,,,,,,
0,,,,,,,,,
0,,,,,,,,,
0,,,,,,,,,
0,,,,,,,,,
0,,,,,,,,,
0,,,,,,,,,
0,,,,,,,,,
0,,,,,,,,,
0,,,,,,,,,
0,,,,,,,,,
0,,,,,,,,,
0,,,,,,,,,
0,,,,,,,,,
0,,,,,,,,,
0,,,,,,,,,
0,,,,,,,,,
0,,,,,,,,,
0,,,,,,,,,
0,,,,,,,,,
0,,,,,,,,,
0,,,,,,,,,
0,,,,,,,,,
0,,,,,,,,,
0,,,,,,,,,
0,,,,,,,,,
0,,,,,,,,,
0,,,,,,,,,
0,,,,,,,,,
0,,,,,,,,,
0,,,,,,,,,
0,,,,,,,,,
0,,,,,,,,,
0,,,,,,,,,
0,,,,,,,,,
0,,,,,,,,,
0,,,,,,,,,
0,,,,,,,,,
0,,,,,,,,,
0,,,,,,,,,
0,,,,,,,,,
0,,,,,,,,,
0,,,,,,,,,
0,,,,,,,,,
0,,,,,,,,,
0,,,,,,,,,
0,,,,,,,,,
0,,,,,,,,,
0,,,,,,,,,
0,,,,,,,,,
0,,,,,,,,,
0,,,,,,,,,
0,,,,,,,,,
0,,,,,,,,,
0,,,,,,,,,
0,,,,,,,,,
0,,,,,,,,,
0,,,,,,,,,
0,,,,,,,,,
0,,,,,,,,,
0,,,,,,,,,
0,,,,,,,,,
0,,,,,,,,,
0,,,,,,,,,
0,,,,,,,,,
0,,,,,,,,,
0,,,,,,,,,
0,,,,,,,,,
0,,,,,,,,,
0,,,,,,,,,
0,,,,,,,,,
0,,,,,,,,,
0,,,,,,,,,
0,,,,,,,,,
0,,,,,,,,,
0,,,,,,,,,
0,,,,,,,,,
0,,,,,,,,,
0,,,,,,,,,
0,,,,,,,,,
0,,,,,,,,,
0,,,,,,,,,
0,,,,,,,,,
0,,,,,,,,,
0,,,,,,,,,
0,,,,,,,,,
0,,,,,,,,,
0,,,,,,,,,
0,,,,,,,,,
0,,,,,,,,,
0,,,,,,,,,
0,,,,,,,,,
0,,,,,,,,,
0,,,,,,,,,
0,,,,,,,,,
0,,,,,,,,,
0,,,,,,,,,
0,,,,,,,,,
0,,,,,,,,,
0,,,,,,,,,
0,,,,,,,,,
0,,,,,,,,,
0,,,,,,,,,
0,,,,,,,,,
0,,,,,,,,,
0,,,,,,,,,
0,,,,,,,,,
0,,,,,,,,,
0,,,,,,,,,
0,,,,,,,,,
0,,,,,,,,,
0,,,,,,,,,
0,,,,,,,,,
0,,,,,,,,,
0,,,,,,,,,
0,,,,,,,,,
0,,,,,,,,,
0,,,,,,,,,
0,,,,,,,,,
0,,,,,,,,,
0,,,,,,,,,
0,,,,,,,,,
0,,,,,,,,,
0,,,,,,,,,
0,,,,,,,,,
0,,,,,,,,,
0,,,,,,,,,
0,,,,,,,,,
0,,,,,,,,,
0,,,,,,,,,
0,,,,,,,,,
0,,,,,,,,,
0,,,,,,,,,
0,,,,,,,,,
0,,,,,,,,,
0,,,,,,,,,
0,,,,,,,,,
0,,,,,,,,,
0,,,,,,,,,
0,,,,,,,,,
0,,,,,,,,,
0,,,,,,,,,
0,,,,,,,,,
0,,,,,,,,,
0,,,,,,,,,
0,,,,,,,,,
0,,,,,,,,,
0,,,,,,,,,
0,,,,,,,,,
0,,,,,,,,,
0,,,,,,,,,
0,,,,,,,,,
0,,,,,,,,,
0,,,,,,,,,
0,,,,,,,,,
0,,,,,,,,,
0,,,,,,,,,
0,,,,,,,,,
0,,,,,,,,,
0,,,,,,,,,
0,,,,,,,,,
0,,,,,,,,,
0,,,,,,,,,
0,,,,,,,,,
0,,,,,,,,,
0,,,,,,,,,
0,,,,,,,,,
0,,,,,,,,,
0,,,,,,,,,
0,,,,,,,,,
0,,,,,,,,,
0,,,,,,,,,
0,,,,,,,,,
0,,,,,,,,,
0,,,,,,,,,
0,,,,,,,,,
0,,,,,,,,,
0,,,,,,,,,
0,,,,,,,,,
0,,,,,,,,,
0,,,,,,,,,
0,,,,,,,,,
0,,,,,,,,,
0,,,,,,,,,
0,,,,,,,,,
0,,,,,,,,,
0,,,,,,,,,
0,,,,,,,,,
0,,,,,,,,,
0,,,,,,,,,
0,,,,,,,,,
0,,,,,,,,,
0,,,,,,,,,
0,,,,,,,,,
0,,,,,,,,,
0,,,,,,,,,
0,,,,,,,,,
0,,,,,,,,,
0,,,,,,,,,
0,,,,,,,,,
0,,,,,,,,,
0,,,,,,,,,
0,,,,,,,,,
0,,,,,,,,,
0,,,,,,,,,
0,,,,,,,,,
0,,,,,,,,,
0,,,,,,,,,
0,,,,,,,,,
0,,,,,,,,,
0,,,,,,,,,
0,,,,,,,,,
0,,,,,,,,,
0,,,,,,,,,
0,,,,,,,,,
0,,,,,,,,,
0,,,,,,,,,
0,,,,,,,,,
0,,,,,,,,,
0,,,,,,,,,
0,,,,,,,,,
0,,,,,,,,,
0,,,,,,,,,
0,,,,,,,,,
0,,,,,,,,,
0,,,,,,,,,
0,,,,,,,,,
0,,,,,,,,,
0,,,,,,,,,
0,,,,,,,,,
0,,,,,,,,,
0,,,,,,,,,
0,,,,,,,,,
0,,,,,,,,,
0,,,,,,,,,
0,,,,,,,,,
0,,,,,,,,,
0,,,,,,,,,
0,,,,,,,,,
0,,,,,,,,,
0,,,,,,,,,
0,,,,,,,,,
0,,,,,,,,,
0,,,,,,,,,
0,,,,,,,,,
0,,,,,,,,,
0,,,,,,,,,
0,,,,,,,,,
0,,,,,,,,,
0,,,,,,,,,
0,,,,,,,,,
0,,,,,,,,,
0,,,,,,,,,
0,,,,,,,,,
0,,,,,,,,,
0,,,,,,,,,
0,,,,,,,,,
0,,,,,,,,,
0,,,,,,,,,
0,,,,,,,,,
0,,,,,,,,,
0,,,,,,,,,
0,,,,,,,,,
0,,,,,,,,,
0,,,,,,,,,
0,,,,,,,,,
0,,,,,,,,,
0,,,,,,,,,
0,,,,,,,,,
0,,,,,,,,,
0,,,,,,,,,
0,,,,,,,,,
0,,,,,,,,,
0,,,,,,,,,
0,,,,,,,,,
0,,,,,,,,,
0,,,,,,,,,
0,,,,,,,,,
0,,,,,,,,,
0,,,,,,,,,
0,,,,,,,,,
0,,,,,,,,,
0,,,,,,,,,
0,,,,,,,,,
0,,,,,,,,,
0,,,,,,,,,
0,,,,,,,,,
0,,,,,,,,,
0,,,,,,,,,
0,,,,,,,,,
0,,,,,,,,,
0,,,,,,,,,
0,,,,,,,,,
0,,,,,,,,,
0,,,,,,,,,
0,,,,,,,,,
0,,,,,,,,,
0,,,,,,,,,
0,,,,,,,,,
0,,,,,,,,,
0,,,,,,,,,
0,,,,,,,,,
0,,,,,,,,,
0,,,,,,,,,
0,,,,,,,,,
0,,,,,,,,,
0,,,,,,,,,
0,,,,,,,,,
0,,,,,,,,,
0,,,,,,,,,
0,,,,,,,,,
0,,,,,,,,,
0,,,,,,,,,
0,,,,,,,,,
0,,,,,,,,,
0,,,,,,,,,
0,,,,,,,,,
0,,,,,,,,,
0,,,,,,,,,
0,,,,,,,,,
0,,,,,,,,,
0,,,,,,,,,
0,,,,,,,,,
0,,,,,,,,,
0,,,,,,,,,
0,,,,,,,,,
0,,,,,,,,,
0,,,,,,,,,
0,,,,,,,,,
0,,,,,,,,,
0,,,,,,,,,
0,,,,,,,,,
0,,,,,,,,,
0,,,,,,,,,
0,,,,,,,,,
0,,,,,,,,,
0,,,,,,,,,
0,,,,,,,,,
0,,,,,,,,,
0,,,,,,,,,
0,,,,,,,,,
0,,,,,,,,,
0,,,,,,,,,
0,,,,,,,,,
0,,,,,,,,,
0,,,,,,,,,
0,,,,,,,,,
0,,,,,,,,,
0,,,,,,,,,
0,,,,,,,,,
0,,,,,,,,,
0,,,,,,,,,
0,,,,,,,,,
0,,,,,,,,,
0,,,,,,,,,
0,,,,,,,,,
0,,,,,,,,,
0,,,,,,,,,
0,,,,,,,,,
0,,,,,,,,,
0,,,,,,,,,
0,,,,,,,,,
0,,,,,,,,,
0,,,,,,,,,
0,,,,,,,,,
0,,,,,,,,,
0,,,,,,,,,
0,,,,,,,,,
0,,,,,,,,,
0,,,,,,,,,
0,,,,,,,,,
0,,,,,,,,,
0,,,,,,,,,
0,,,,,,,,,
0,,,,,,,,,
0,,,,,,,,,
0,,,,,,,,,
0,,,,,,,,,
0,,,,,,,,,
0,,,,,,,,,
0,,,,,,,,,
0,,,,,,,,,
0,,,,,,,,,
0,,,,,,,,,
0,,,,,,,,,
0,,,,,,,,,
0,,,,,,,,,
0,,,,,,,,,
0,,,,,,,,,
0,,,,,,,,,
0,,,,,,,,,
0,,,,,,,,,
0,,,,,,,,,
0,,,,,,,,,
0,,,,,,,,,
0,,,,,,,,,
0,,,,,,,,,
0,,,,,,,,,
0,,,,,,,,,
0,,,,,,,,,
0,,,,,,,,,
0,,,,,,,,,
0,,,,,,,,,
0,,,,,,,,,
0,,,,,,,,,
0,,,,,,,,,
0,,,,,,,,,
0,,,,,,,,,
0,,,,,,,,,
0,,,,,,,,,
0,,,,,,,,,
0,,,,,,,,,
0,,,,,,,,,
0,,,,,,,,,
0,,,,,,,,,
0,,,,,,,,,
0,,,,,,,,,
0,,,,,,,,,
0,,,,,,,,,
0,,,,,,,,,
0,,,,,,,,,
0,,,,,,,,,
0,,,,,,,,,
0,,,,,,,,,
0,,,,,,,,,
0,,,,,,,,,
0,,,,,,,,,
0,,,,,,,,,
0,,,,,,,,,
0,,,,,,,,,
0,,,,,,,,,
0,,,,,,,,,
0,,,,,,,,,
0,,,,,,,,,
0,,,,,,,,,
0,,,,,,,,,
0,,,,,,,,,
0,,,,,,,,,
0,,,,,,,,,
0,,,,,,,,,
0,,,,,,,,,
0,,,,,,,,,
0,,,,,,,,,
0,,,,,,,,,
0,,,,,,,,,
0,,,,,,,,,
0,,,,,,,,,
0,,,,,,,,,
0,,,,,,,,,
0,,,,,,,,,
0,,,,,,,,,
0,,,,,,,,,
0,,,,,,,,,
0,,,,,,,,,
0,,,,,,,,,
0,,,,,,,,,
0,,,,,,,,,
0,,,,,,,,,
0,,,,,,,,,
0,,,,,,,,,
0,,,,,,,,,
0,,,,,,,,,
0,,,,,,,,,
0,,,,,,,,,
0,,,,,,,,,
0,,,,,,,,,
0,,,,,,,,,
0,,,,,,,,,
0,,,,,,,,,
0,,,,,,,,,
0,,,,,,,,,
0,,,,,,,,,
0,,,,,,,,,
0,,,,,,,,,
0,,,,,,,,,
0,,,,,,,,,
0,,,,,,,,,
0,,,,,,,,,
0,,,,,,,,,
0,,,,,,,,,
0,,,,,,,,,
0,,,,,,,,,
0,,,,,,,,,
0,,,,,,,,,
0,,,,,,,,,
0,,,,,,,,,
0,,,,,,,,,
0,,,,,,,,,
0,,,,,,,,,
0,,,,,,,,,
0,,,,,,,,,
0,,,,,,,,,
0,,,,,,,,,
0,,,,,,,,,
0,,,,,,,,,
0,,,,,,,,,
0,,,,,,,,,
0,,,,,,,,,
0,,,,,,,,,
0,,,,,,,,,
0,,,,,,,,,
0,,,,,,,,,
0,,,,,,,,,
0,,,,,,,,,
0,,,,,,,,,
0,,,,,,,,,
0,,,,,,,,,
0,,,,,,,,,
0,,,,,,,,,
0,,,,,,,,,
0,,,,,,,,,
0,,,,,,,,,
0,,,,,,,,,
0,,,,,,,,,
0,,,,,,,,,
0,,,,,,,,,
0,,,,,,,,,
0,,,,,,,,,
0,,,,,,,,,
0,,,,,,,,,
0,,,,,,,,,
0,,,,,,,,,
0,,,,,,,,,
0,,,,,,,,,
0,,,,,,,,,
0,,,,,,,,,
0,,,,,,,,,
0,,,,,,,,,
0,,,,,,,,,
0,,,,,,,,,
0,,,,,,,,,
0,,,,,,,,,
0,,,,,,,,,
0,,,,,,,,,
0,,,,,,,,,
0,,,,,,,,,
0,,,,,,,,,
0,,,,,,,,,
0,,,,,,,,,
0,,,,,,,,,
0,,,,,,,,,
0,,,,,,,,,
0,,,,,,,,,
0,,,,,,,,,
0,,,,,,,,,
0,,,,,,,,,
0,,,,,,,,,
0,,,,,,,,,
0,,,,,,,,,
0,,,,,,,,,
0,,,,,,,,,
0,,,,,,,,,
0,,,,,,,,,
0,,,,,,,,,
0,,,,,,,,,
0,,,,,,,,,
0,,,,,,,,,
0,,,,,,,,,
0,,,,,,,,,
0,,,,,,,,,
0,,,,,,,,,
0,,,,,,,,,
0,,,,,,,,,
0,,,,,,,,,
0,,,,,,,,,
0,,,,,,,,,
0,,,,,,,,,
0,,,,,,,,,
0,,,,,,,,,
0,,,,,,,,,
0,,,,,,,,,
0,,,,,,,,,
0,,,,,,,,,
0,,,,,,,,,
0,,,,,,,,,
0,,,,,,,,,
0,,,,,,,,,
0,,,,,,,,,
0,,,,,,,,,
0,,,,,,,,,
0,,,,,,,,,
0,,,,,,,,,
0,,,,,,,,,
0,,,,,,,,,
0,,,,,,,,,
0,,,,,,,,,
0,,,,,,,,,
0,,,,,,,,,
0,,,,,,,,,
0,,,,,,,,,
0,,,,,,,,,
0,,,,,,,,,
0,,,,,,,,,
0,,,,,,,,,
0,,,,,,,,,
0,,,,,,,,,
0,,,,,,,,,
0,,,,,,,,,
0,,,,,,,,,
0,,,,,,,,,
0,,,,,,,,,
0,,,,,,,,,
0,,,,,,,,,
0,,,,,,,,,
0,,,,,,,,,
0,,,,,,,,,
0,,,,,,,,,
0,,,,,,,,,
0,,,,,,,,,
0,,,,,,,,,
0,,,,,,,,,
0,,,,,,,,,
0,,,,,,,,,
0,,,,,,,,,
0,,,,,,,,,
0,,,,,,,,,
0,,,,,,,,,
0,,,,,,,,,
0,,,,,,,,,
0,,,,,,,,,
0,,,,,,,,,
0,,,,,,,,,
0,,,,,,,,,
0,,,,,,,,,
0,,,,,,,,,
0,,,,,,,,,
0,,,,,,,,,
0,,,,,,,,,
0,,,,,,,,,
0,,,,,,,,,
0,,,,,,,,,
0,,,,,,,,,
0,,,,,,,,,
0,,,,,,,,,
0,,,,,,,,,
0,,,,,,,,,
0,,,,,,,,,
0,,,,,,,,,
0,,,,,,,,,
0,,,,,,,,,
0,,,,,,,,,
0,,,,,,,,,
0,,,,,,,,,
0,,,,,,,,,
0,,,,,,,,,
0,,,,,,,,,
0,,,,,,,,,
0,,,,,,,,,
0,,,,,,,,,
0,,,,,,,,,
0,,,,,,,,,
0,,,,,,,,,
0,,,,,,,,,
0,,,,,,,,,
0,,,,,,,,,
0,,,,,,,,,
0,,,,,,,,,
0,,,,,,,,,
0,,,,,,,,,
0,,,,,,,,,
0,,,,,,,,,
0,,,,,,,,,
0,,,,,,,,,
0,,,,,,,,,
0,,,,,,,,,
0,,,,,,,,,
0,,,,,,,,,
0,,,,,,,,,
0,,,,,,,,,
0,,,,,,,,,
0,,,,,,,,,
0,,,,,,,,,
0,,,,,,,,,
0,,,,,,,,,
0,,,,,,,,,
0,,,,,,,,,
0,,,,,,,,,
0,,,,,,,,,
0,,,,,,,,,
0,,,,,,,,,
0,,,,,,,,,
0,,,,,,,,,
0,,,,,,,,,
0,,,,,,,,,
0,,,,,,,,,
0,,,,,,,,,
0,,,,,,,,,
0,,,,,,,,,
0,,,,,,,,,
0,,,,,,,,,
0,,,,,,,,,
0,,,,,,,,,
0,,,,,,,,,
0,,,,,,,,,
0,,,,,,,,,
0,,,,,,,,,
0,,,,,,,,,
0,,,,,,,,,
0,,,,,,,,,
0,,,,,,,,,
0,,,,,,,,,
0,,,,,,,,,
0,,,,,,,,,
0,,,,,,,,,
0,,,,,,,,,
0,,,,,,,,,
0,,,,,,,,,
0,,,,,,,,,
0,,,,,,,,,
0,,,,,,,,,
0,,,,,,,,,
0,,,,,,,,,
0,,,,,,,,,
0,,,,,,,,,
0,,,,,,,,,
0,,,,,,,,,
0,,,,,,,,,
0,,,,,,,,,
0,,,,,,,,,
0,,,,,,,,,
0,,,,,,,,,
0,,,,,,,,,
0,,,,,,,,,
0,,,,,,,,,
0,,,,,,,,,
0,,,,,,,,,
0,,,,,,,,,
0,,,,,,,,,
0,,,,,,,,,
0,,,,,,,,,
0,,,,,,,,,
0,,,,,,,,,
0,,,,,,,,,
0,,,,,,,,,
0,,,,,,,,,
0,,,,,,,,,
0,,,,,,,,,
0,,,,,,,,,
0,,,,,,,,,
0,,,,,,,,,
0,,,,,,,,,
0,,,,,,,,,
0,,,,,,,,,
0,,,,,,,,,
0,,,,,,,,,
0,,,,,,,,,
0,,,,,,,,,
0,,,,,,,,,
0,,,,,,,,,
0,,,,,,,,,
0,,,,,,,,,
0,,,,,,,,,
0,,,,,,,,,
0,,,,,,,,,
0,,,,,,,,,
0,,,,,,,,,
0,,,,,,,,,
0,,,,,,,,,
0,,,,,,,,,
0,,,,,,,,,
0,,,,,,,,,
0,,,,,,,,,
0,,,,,,,,,
0,,,,,,,,,
0,,,,,,,,,
0,,,,,,,,,
0,,,,,,,,,
0,,,,,,,,,
0,,,,,,,,,
0,,,,,,,,,
0,,,,,,,,,
0,,,,,,,,,
0,,,,,,,,,
0,,,,,,,,,
0,,,,,,,,,
0,,,,,,,,,
0,,,,,,,,,
0,,,,,,,,,
0,,,,,,,,,
0,,,,,,,,,
0,,,,,,,,,
0,,,,,,,,,
0,,,,,,,,,
0,,,,,,,,,
0,,,,,,,,,
0,,,,,,,,,
0,,,,,,,,,
0,,,,,,,,,
0,,,,,,,,,
0,,,,,,,,,
0,,,,,,,,,
0,,,,,,,,,
0,,,,,,,,,
0,,,,,,,,,
0,,,,,,,,,
0,,,,,,,,,
0,,,,,,,,,
0,,,,,,,,,
0,,,,,,,,,
0,,,,,,,,,
0,,,,,,,,,
0,,,,,,,,,
0,,,,,,,,,
0,,,,,,,,,
0,,,,,,,,,
0,,,,,,,,,
0,,,,,,,,,
0,,,,,,,,,
0,,,,,,,,,
0,,,,,,,,,
0,,,,,,,,,
0,,,,,,,,,
0,,,,,,,,,
0,,,,,,,,,
0,,,,,,,,,
0,,,,,,,,,
0,,,,,,,,,
0,,,,,,,,,
0,,,,,,,,,
0,,,,,,,,,
0,,,,,,,,,
0,,,,,,,,,
0,,,,,,,,,
0,,,,,,,,,
0,,,,,,,,,
0,,,,,,,,,
0,,,,,,,,,
0,,,,,,,,,
0,,,,,,,,,
0,,,,,,,,,
0,,,,,,,,,
0,,,,,,,,,
0,,,,,,,,,
0,,,,,,,,,
0,,,,,,,,,
0,,,,,,,,,
0,,,,,,,,,
0,,,,,,,,,
0,,,,,,,,,
0,,,,,,,,,
0,,,,,,,,,
0,,,,,,,,,
0,,,,,,,,,
0,,,,,,,,,
0,,,,,,,,,
0,,,,,,,,,
0,,,,,,,,,
0,,,,,,,,,
0,,,,,,,,,
0,,,,,,,,,
0,,,,,,,,,
0,,,,,,,,,
0,,,,,,,,,
0,,,,,,,,,
0,,,,,,,,,
0,,,,,,,,,
0,,,,,,,,,
0,,,,,,,,,
0,,,,,,,,,
0,,,,,,,,,
0,,,,,,,,,
0,,,,,,,,,
0,,,,,,,,,
0,,,,,,,,,
0,,,,,,,,,
0,,,,,,,,,
0,,,,,,,,,
0,,,,,,,,,
0,,,,,,,,,
0,,,,,,,,,
0,,,,,,,,,
0,,,,,,,,,
0,,,,,,,,,
0,,,,,,,,,
0,,,,,,,,,
0,,,,,,,,,
0,,,,,,,,,
0,,,,,,,,,
0,,,,,,,,,
0,,,,,,,,,
0,,,,,,,,,
0,,,,,,,,,
0,,,,,,,,,
0,,,,,,,,,
0,,,,,,,,,
0,,,,,,,,,
0,,,,,,,,,
0,,,,,,,,,
0,,,,,,,,,
0,,,,,,,,,
0,,,,,,,,,
0,,,,,,,,,
0,,,,,,,,,
0,,,,,,,,,
0,,,,,,,,,
0,,,,,,,,,
0,,,,,,,,,
0,,,,,,,,,
0,,,,,,,,,
0,,,,,,,,,
0,,,,,,,,,
0,,,,,,,,,
0,,,,,,,,,
0,,,,,,,,,
0,,,,,,,,,
0,,,,,,,,,
0,,,,,,,,,
0,,,,,,,,,
0,,,,,,,,,
0,,,,,,,,,
0,,,,,,,,,
0,,,,,,,,,
0,,,,,,,,,
0,,,,,,,,,
0,,,,,,,,,
0,,,,,,,,,
0,,,,,,,,,
0,,,,,,,,,
0,,,,,,,,,
0,,,,,,,,,
0,,,,,,,,,
0,,,,,,,,,
0,,,,,,,,,
0,,,,,,,,,
0,,,,,,,,,
0,,,,,,,,,
0,,,,,,,,,
0,,,,,,,,,
0,,,,,,,,,
0,,,,,,,,,
0,,,,,,,,,
0,,,,,,,,,
0,,,,,,,,,
0,,,,,,,,,
0,,,,,,,,,
0,,,,,,,,,
0,,,,,,,,,
0,,,,,,,,,
0,,,,,,,,,
0,,,,,,,,,
0,,,,,,,,,
0,,,,,,,,,
0,,,,,,,,,
0,,,,,,,,,
0,,,,,,,,,
0,,,,,,,,,
0,,,,,,,,,
0,,,,,,,,,
0,,,,,,,,,
0,,,,,,,,,
0,,,,,,,,,
0,,,,,,,,,
0,,,,,,,,,
0,,,,,,,,,
0,,,,,,,,,
0,,,,,,,,,
0,,,,,,,,,
0,,,,,,,,,
0,,,,,,,,,
0,,,,,,,,,
0,,,,,,,,,
0,,,,,,,,,
0,,,,,,,,,
0,,,,,,,,,
0,,,,,,,,,
0,,,,,,,,,
0,,,,,,,,,
0,,,,,,,,,
0,,,,,,,,,
0,,,,,,,,,
0,,,,,,,,,
0,,,,,,,,,
0,,,,,,,,,
0,,,,,,,,,
0,,,,,,,,,
0,,,,,,,,,
0,,,,,,,,,
0,,,,,,,,,
0,,,,,,,,,
0,,,,,,,,,
0,,,,,,,,,
0,,,,,,,,,
0,,,,,,,,,
0,,,,,,,,,
0,,,,,,,,,
0,,,,,,,,,
0,,,,,,,,,
0,,,,,,,,,
0,,,,,,,,,
0,,,,,,,,,
0,,,,,,,,,
0,,,,,,,,,
0,,,,,,,,,
0,,,,,,,,,
0,,,,,,,,,
0,,,,,,,,,
0,,,,,,,,,
0,,,,,,,,,
0,,,,,,,,,
0,,,,,,,,,
0,,,,,,,,,
0,,,,,,,,,
0,,,,,,,,,
0,,,,,,,,,
0,,,,,,,,,
0,,,,,,,,,
0,,,,,,,,,
0,,,,,,,,,
0,,,,,,,,,
0,,,,,,,,,
0,,,,,,,,,
0,,,,,,,,,
0,,,,,,,,,
0,,,,,,,,,
0,,,,,,,,,
0,,,,,,,,,
0,,,,,,,,,
0,,,,,,,,,
0,,,,,,,,,
0,,,,,,,,,
0,,,,,,,,,
0,,,,,,,,,
0,,,,,,,,,
0,,,,,,,,,
0,,,,,,,,,
0,,,,,,,,,
0,,,,,,,,,
0,,,,,,,,,
0,,,,,,,,,
0,,,,,,,,,
0,,,,,,,,,
0,,,,,,,,,
0,,,,,,,,,
0,,,,,,,,,
0,,,,,,,,,
0,,,,,,,,,
0,,,,,,,,,
0,,,,,,,,,
0,,,,,,,,,
0,,,,,,,,,
0,,,,,,,,,
0,,,,,,,,,
0,,,,,,,,,
0,,,,,,,,,
0,,,,,,,,,
0,,,,,,,,,
0,,,,,,,,,
0,,,,,,,,,
0,,,,,,,,,
0,,,,,,,,,
0,,,,,,,,,
0,,,,,,,,,
0,,,,,,,,,
0,,,,,,,,,
0,,,,,,,,,
0,,,,,,,,,
0,,,,,,,,,
0,,,,,,,,,
0,,,,,,,,,
0,,,,,,,,,
0,,,,,,,,,
0,,,,,,,,,
0,,,,,,,,,
0,,,,,,,,,
0,,,,,,,,,
0,,,,,,,,,
0,,,,,,,,,
0,,,,,,,,,
0,,,,,,,,,
0,,,,,,,,,
0,,,,,,,,,
0,,,,,,,,,
0,,,,,,,,,
0,,,,,,,,,
0,,,,,,,,,
0,,,,,,,,,
0,,,,,,,,,
0,,,,,,,,,
0,,,,,,,,,
0,,,,,,,,,
0,,,,,,,,,
0,,,,,,,,,
0,,,,,,,,,
0,,,,,,,,,
0,,,,,,,,,
0,,,,,,,,,
0,,,,,,,,,
0,,,,,,,,,
0,,,,,,,,,
0,,,,,,,,,
0,,,,,,,,,
0,,,,,,,,,
0,,,,,,,,,
0,,,,,,,,,
0,,,,,,,,,
0,,,,,,,,,
0,,,,,,,,,
0,,,,,,,,,
0,,,,,,,,,
0,,,,,,,,,
0,,,,,,,,,
0,,,,,,,,,
0,,,,,,,,,
0,,,,,,,,,
0,,,,,,,,,
0,,,,,,,,,
0,,,,,,,,,
0,,,,,,,,,
0,,,,,,,,,
0,,,,,,,,,
0,,,,,,,,,
0,,,,,,,,,
0,,,,,,,,,
0,,,,,,,,,
0,,,,,,,,,
0,,,,,,,,,
0,,,,,,,,,
0,,,,,,,,,
0,,,,,,,,,
0,,,,,,,,,
0,,,,,,,,,
0,,,,,,,,,
0,,,,,,,,,
0,,,,,,,,,
0,,,,,,,,,
0,,,,,,,,,
0,,,,,,,,,
0,,,,,,,,,
0,,,,,,,,,
0,,,,,,,,,
0,,,,,,,,,
0,,,,,,,,,
0,,,,,,,,,
0,,,,,,,,,
0,,,,,,,,,
0,,,,,,,,,
0,,,,,,,,,
0,,,,,,,,,
0,,,,,,,,,
0,,,,,,,,,
0,,,,,,,,,
0,,,,,,,,,
0,,,,,,,,,
0,,,,,,,,,
0,,,,,,,,,
0,,,,,,,,,
0,,,,,,,,,
0,,,,,,,,,
0,,,,,,,,,
0,,,,,,,,,
0,,,,,,,,,
0,,,,,,,,,
0,,,,,,,,,
0,,,,,,,,,
0,,,,,,,,,
0,,,,,,,,,
0,,,,,,,,,
0,,,,,,,,,
0,,,,,,,,,
0,,,,,,,,,
0,,,,,,,,,
0,,,,,,,,,
0,,,,,,,,,
0,,,,,,,,,
0,,,,,,,,,
0,,,,,,,,,
0,,,,,,,,,
0,,,,,,,,,
0,,,,,,,,,
0,,,,,,,,,
0,,,,,,,,,
0,,,,,,,,,
0,,,,,,,,,
0,,,,,,,,,
0,,,,,,,,,
0,,,,,,,,,
0,,,,,,,,,
0,,,,,,,,,
0,,,,,,,,,
0,,,,,,,,,
0,,,,,,,,,
0,,,,,,,,,
0,,,,,,,,,
0,,,,,,,,,
0,,,,,,,,,
0,,,,,,,,,
0,,,,,,,,,
0,,,,,,,,,
0,,,,,,,,,
0,,,,,,,,,
0,,,,,,,,,
0,,,,,,,,,
0,,,,,,,,,
0,,,,,,,,,
0,,,,,,,,,
0,,,,,,,,,
0,,,,,,,,,
0,,,,,,,,,
0,,,,,,,,,
0,,,,,,,,,
0,,,,,,,,,
0,,,,,,,,,
0,,,,,,,,,
0,,,,,,,,,
0,,,,,,,,,
0,,,,,,,,,
0,,,,,,,,,
0,,,,,,,,,
0,,,,,,,,,
0,,,,,,,,,
0,,,,,,,,,
0,,,,,,,,,
0,,,,,,,,,
0,,,,,,,,,
0,,,,,,,,,
0,,,,,,,,,
0,,,,,,,,,
0,,,,,,,,,
0,,,,,,,,,
0,,,,,,,,,
0,,,,,,,,,
0,,,,,,,,,
0,,,,,,,,,
0,,,,,,,,,
0,,,,,,,,,
0,,,,,,,,,
0,,,,,,,,,
0,,,,,,,,,
0,,,,,,,,,
0,,,,,,,,,
0,,,,,,,,,
0,,,,,,,,,
0,,,,,,,,,
0,,,,,,,,,
0,,,,,,,,,
0,,,,,,,,,
0,,,,,,,,,
0,,,,,,,,,
0,,,,,,,,,
0,,,,,,,,,
0,,,,,,,,,
0,,,,,,,,,
0,,,,,,,,,
0,,,,,,,,,
0,,,,,,,,,
0,,,,,,,,,
0,,,,,,,,,
0,,,,,,,,,
0,,,,,,,,,
0,,,,,,,,,
0,,,,,,,,,
0,,,,,,,,,
0,,,,,,,,,
0,,,,,,,,,
0,,,,,,,,,
0,,,,,,,,,
0,,,,,,,,,
0,,,,,,,,,
0,,,,,,,,,
0,,,,,,,,,
0,,,,,,,,,
0,,,,,,,,,
0,,,,,,,,,
0,,,,,,,,,
0,,,,,,,,,
0,,,,,,,,,
0,,,,,,,,,
0,,,,,,,,,
0,,,,,,,,,
0,,,,,,,,,
0,,,,,,,,,
0,,,,,,,,,
0,,,,,,,,,
0,,,,,,,,,
0,,,,,,,,,
0,,,,,,,,,
0,,,,,,,,,
0,,,,,,,,,
0,,,,,,,,,
0,,,,,,,,,
0,,,,,,,,,
0,,,,,,,,,
0,,,,,,,,,
0,,,,,,,,,
0,,,,,,,,,
0,,,,,,,,,
0,,,,,,,,,
0,,,,,,,,,
0,,,,,,,,,
0,,,,,,,,,
0,,,,,,,,,
0,,,,,,,,,
0,,,,,,,,,
0,,,,,,,,,
0,,,,,,,,,
0,,,,,,,,,
0,,,,,,,,,
0,,,,,,,,,
0,,,,,,,,,
0,,,,,,,,,
0,,,,,,,,,
0,,,,,,,,,
0,,,,,,,,,
0,,,,,,,,,
0,,,,,,,,,
0,,,,,,,,,
0,,,,,,,,,
0,,,,,,,,,
0,,,,,,,,,
0,,,,,,,,,
0,,,,,,,,,
0,,,,,,,,,
0,,,,,,,,,
0,,,,,,,,,
0,,,,,,,,,
0,,,,,,,,,
0,,,,,,,,,
0,,,,,,,,,
0,,,,,,,,,
0,,,,,,,,,
0,,,,,,,,,
0,,,,,,,,,
0,,,,,,,,,
0,,,,,,,,,
0,,,,,,,,,
0,,,,,,,,,
0,,,,,,,,,
0,,,,,,,,,
0,,,,,,,,,
0,,,,,,,,,
0,,,,,,,,,
0,,,,,,,,,
0,,,,,,,,,
0,,,,,,,,,
0,,,,,,,,,
0,,,,,,,,,
0,,,,,,,,,
0,,,,,,,,,
0,,,,,,,,,
0,,,,,,,,,
0,,,,,,,,,
0,,,,,,,,,
0,,,,,,,,,
0,,,,,,,,,
0,,,,,,,,,
0,,,,,,,,,
0,,,,,,,,,
0,,,,,,,,,
0,,,,,,,,,
0,,,,,,,,,
0,,,,,,,,,
0,,,,,,,,,
0,,,,,,,,,
0,,,,,,,,,
0,,,,,,,,,
0,,,,,,,,,
0,,,,,,,,,
0,,,,,,,,,
0,,,,,,,,,
0,,,,,,,,,
0,,,,,,,,,
0,,,,,,,,,
0,,,,,,,,,
0,,,,,,,,,
0,,,,,,,,,
0,,,,,,,,,
0,,,,,,,,,
0,,,,,,,,,
0,,,,,,,,,
0,,,,,,,,,
0,,,,,,,,,
0,,,,,,,,,
0,,,,,,,,,
0,,,,,,,,,
0,,,,,,,,,
0,,,,,,,,,
0,,,,,,,,,
0,,,,,,,,,
0,,,,,,,,,
0,,,,,,,,,
0,,,,,,,,,
0,,,,,,,,,
0,,,,,,,,,
0,,,,,,,,,
0,,,,,,,,,
0,,,,,,,,,
0,,,,,,,,,
0,,,,,,,,,
0,,,,,,,,,
0,,,,,,,,,
0,,,,,,,,,
0,,,,,,,,,
0,,,,,,,,,
0,,,,,,,,,
0,,,,,,,,,
0,,,,,,,,,
0,,,,,,,,,
0,,,,,,,,,
0,,,,,,,,,
0,,,,,,,,,
0,,,,,,,,,
0,,,,,,,,,
0,,,,,,,,,
0,,,,,,,,,
0,,,,,,,,,
0,,,,,,,,,
0,,,,,,,,,
0,,,,,,,,,
0,,,,,,,,,
0,,,,,,,,,
0,,,,,,,,,
0,,,,,,,,,
0,,,,,,,,,
0,,,,,,,,,
0,,,,,,,,,
0,,,,,,,,,
0,,,,,,,,,
0,,,,,,,,,
0,,,,,,,,,
0,,,,,,,,,
0,,,,,,,,,
0,,,,,,,,,
0,,,,,,,,,
0,,,,,,,,,
0,,,,,,,,,
0,,,,,,,,,
0,,,,,,,,,
0,,,,,,,,,
0,,,,,,,,,
0,,,,,,,,,
0,,,,,,,,,
0,,,,,,,,,
0,,,,,,,,,
0,,,,,,,,,
0,,,,,,,,,
0,,,,,,,,,
0,,,,,,,,,
0,,,,,,,,,
0,,,,,,,,,
0,,,,,,,,,
0,,,,,,,,,
0,,,,,,,,,
0,,,,,,,,,
0,,,,,,,,,
0,,,,,,,,,
0,,,,,,,,,
0,,,,,,,,,
0,,,,,,,,,
0,,,,,,,,,
0,,,,,,,,,
0,,,,,,,,,
0,,,,,,,,,
0,,,,,,,,,
0,,,,,,,,,
0,,,,,,,,,
0,,,,,,,,,
0,,,,,,,,,
0,,,,,,,,,
0,,,,,,,,,
0,,,,,,,,,
0,,,,,,,,,
0,,,,,,,,,
0,,,,,,,,,
0,,,,,,,,,
0,,,,,,,,,
0,,,,,,,,,
0,,,,,,,,,
0,,,,,,,,,
0,,,,,,,,,
0,,,,,,,,,
0,,,,,,,,,
0,,,,,,,,,
0,,,,,,,,,
0,,,,,,,,,
0,,,,,,,,,
0,,,,,,,,,
0,,,,,,,,,
0,,,,,,,,,
0,,,,,,,,,
0,,,,,,,,,
0,,,,,,,,,
0,,,,,,,,,
0,,,,,,,,,
0,,,,,,,,,
0,,,,,,,,,
0,,,,,,,,,
0,,,,,,,,,
0,,,,,,,,,
0,,,,,,,,,
0,,,,,,,,,
0,,,,,,,,,
0,,,,,,,,,
0,,,,,,,,,
0,,,,,,,,,
0,,,,,,,,,
0,,,,,,,,,
0,,,,,,,,,
0,,,,,,,,,
0,,,,,,,,,
0,,,,,,,,,
0,,,,,,,,,
0,,,,,,,,,
0,,,,,,,,,
0,,,,,,,,,
0,,,,,,,,,
0,,,,,,,,,
0,,,,,,,,,
0,,,,,,,,,
0,,,,,,,,,
0,,,,,,,,,
0,,,,,,,,,
0,,,,,,,,,
0,,,,,,,,,
0,,,,,,,,,
0,,,,,,,,,
0,,,,,,,,,
0,,,,,,,,,
0,,,,,,,,,
0,,,,,,,,,
0,,,,,,,,,
0,,,,,,,,,
0,,,,,,,,,
0,,,,,,,,,
0,,,,,,,,,
0,,,,,,,,,
0,,,,,,,,,
0,,,,,,,,,
0,,,,,,,,,
0,,,,,,,,,
0,,,,,,,,,
0,,,,,,,,,
0,,,,,,,,,
0,,,,,,,,,
0,,,,,,,,,
0,,,,,,,,,
0,,,,,,,,,
0,,,,,,,,,
0,,,,,,,,,
0,,,,,,,,,
0,,,,,,,,,
0,,,,,,,,,
0,,,,,,,,,
0,,,,,,,,,
0,,,,,,,,,
0,,,,,,,,,
0,,,,,,,,,
0,,,,,,,,,
0,,,,,,,,,
0,,,,,,,,,
0,,,,,,,,,
0,,,,,,,,,
0,,,,,,,,,
0,,,,,,,,,
0,,,,,,,,,
0,,,,,,,,,
0,,,,,,,,,
0,,,,,,,,,
0,,,,,,,,,
0,,,,,,,,,
0,,,,,,,,,
0,,,,,,,,,
0,,,,,,,,,
0,,,,,,,,,
0,,,,,,,,,
0,,,,,,,,,
0,,,,,,,,,
0,,,,,,,,,
0,,,,,,,,,
0,,,,,,,,,
0,,,,,,,,,
0,,,,,,,,,
0,,,,,,,,,
0,,,,,,,,,
0,,,,,,,,,
0,,,,,,,,,
0,,,,,,,,,
0,,,,,,,,,
0,,,,,,,,,
0,,,,,,,,,
0,,,,,,,,,
0,,,,,,,,,
0,,,,,,,,,
0,,,,,,,,,
0,,,,,,,,,
0,,,,,,,,,
0,,,,,,,,,
0,,,,,,,,,
0,,,,,,,,,
0,,,,,,,,,
0,,,,,,,,,
0,,,,,,,,,
0,,,,,,,,,
0,,,,,,,,,
0,,,,,,,,,
0,,,,,,,,,
0,,,,,,,,,
0,,,,,,,,,
0,,,,,,,,,
0,,,,,,,,,
0,,,,,,,,,
0,,,,,,,,,
0,,,,,,,,,
0,,,,,,,,,
0,,,,,,,,,
0,,,,,,,,,
0,,,,,,,,,
0,,,,,,,,,
0,,,,,,,,,
0,,,,,,,,,
0,,,,,,,,,
0,,,,,,,,,
0,,,,,,,,,
0,,,,,,,,,
0,,,,,,,,,
0,,,,,,,,,
0,,,,,,,,,
0,,,,,,,,,
0,,,,,,,,,
0,,,,,,,,,
0,,,,,,,,,
0,,,,,,,,,
0,,,,,,,,,
0,,,,,,,,,
0,,,,,,,,,
0,,,,,,,,,
0,,,,,,,,,
0,,,,,,,,,
0,,,,,,,,,
0,,,,,,,,,
0,,,,,,,,,
0,,,,,,,,,
0,,,,,,,,,
0,,,,,,,,,
0,,,,,,,,,
0,,,,,,,,,
0,,,,,,,,,
0,,,,,,,,,
0,,,,,,,,,
0,,,,,,,,,
0,,,,,,,,,
0,,,,,,,,,
0,,,,,,,,,
0,,,,,,,,,
0,,,,,,,,,
0,,,,,,,,,
0,,,,,,,,,
0,,,,,,,,,
0,,,,,,,,,
0,,,,,,,,,
0,,,,,,,,,
0,,,,,,,,,
0,,,,,,,,,
0,,,,,,,,,
0,,,,,,,,,
0,,,,,,,,,
0,,,,,,,,,
0,,,,,,,,,
0,,,,,,,,,
0,,,,,,,,,
0,,,,,,,,,
0,,,,,,,,,
0,,,,,,,,,
0,,,,,,,,,
0,,,,,,,,,
0,,,,,,,,,
0,,,,,,,,,
0,,,,,,,,,
0,,,,,,,,,
0,,,,,,,,,
0,,,,,,,,,
0,,,,,,,,,
0,,,,,,,,,
0,,,,,,,,,
0,,,,,,,,,
0,,,,,,,,,
0,,,,,,,,,
0,,,,,,,,,
0,,,,,,,,,
0,,,,,,,,,
0,,,,,,,,,
0,,,,,,,,,
0,,,,,,,,,
0,,,,,,,,,
0,,,,,,,,,
0,,,,,,,,,
0,,,,,,,,,
0,,,,,,,,,
0,,,,,,,,,
0,,,,,,,,,
0,,,,,,,,,
0,,,,,,,,,
0,,,,,,,,,
0,,,,,,,,,
0,,,,,,,,,
0,,,,,,,,,
0,,,,,,,,,
0,,,,,,,,,
0,,,,,,,,,
0,,,,,,,,,
0,,,,,,,,,
0,,,,,,,,,
0,,,,,,,,,
0,,,,,,,,,
0,,,,,,,,,
0,,,,,,,,,
0,,,,,,,,,
0,,,,,,,,,
0,,,,,,,,,
0,,,,,,,,,
0,,,,,,,,,
0,,,,,,,,,
0,,,,,,,,,
0,,,,,,,,,
0,,,,,,,,,
0,,,,,,,,,
0,,,,,,,,,
0,,,,,,,,,
0,,,,,,,,,
0,,,,,,,,,
0,,,,,,,,,
0,,,,,,,,,
0,,,,,,,,,
0,,,,,,,,,
0,,,,,,,,,
0,,,,,,,,,
0,,,,,,,,,
0,,,,,,,,,
0,,,,,,,,,
0,,,,,,,,,
0,,,,,,,,,
0,,,,,,,,,
0,,,,,,,,,
0,,,,,,,,,
0,,,,,,,,,
0,,,,,,,,,
0,,,,,,,,,
0,,,,,,,,,
0,,,,,,,,,
0,,,,,,,,,
0,,,,,,,,,
0,,,,,,,,,
0,,,,,,,,,
0,,,,,,,,,
0,,,,,,,,,
0,,,,,,,,,
0,,,,,,,,,
0,,,,,,,,,
0,,,,,,,,,
0,,,,,,,,,
0,,,,,,,,,
0,,,,,,,,,
0,,,,,,,,,
0,,,,,,,,,
0,,,,,,,,,
0,,,,,,,,,
0,,,,,,,,,
0,,,,,,,,,
0,,,,,,,,,
0,,,,,,,,,
0,,,,,,,,,
0,,,,,,,,,
0,,,,,,,,,
0,,,,,,,,,
0,,,,,,,,,
0,,,,,,,,,
0,,,,,,,,,
0,,,,,,,,,
0,,,,,,,,,
0,,,,,,,,,
0,,,,,,,,,
0,,,,,,,,,
0,,,,,,,,,
0,,,,,,,,,
0,,,,,,,,,
0,,,,,,,,,
0,,,,,,,,,
0,,,,,,,,,
0,,,,,,,,,
0,,,,,,,,,
0,,,,,,,,,
0,,,,,,,,,
0,,,,,,,,,
0,,,,,,,,,
0,,,,,,,,,
0,,,,,,,,,
0,,,,,,,,,
0,,,,,,,,,
0,,,,,,,,,
0,,,,,,,,,
0,,,,,,,,,
0,,,,,,,,,
0,,,,,,,,,
0,,,,,,,,,
0,,,,,,,,,
0,,,,,,,,,
0,,,,,,,,,
0,,,,,,,,,
0,,,,,,,,,
0,,,,,,,,,
0,,,,,,,,,
0,,,,,,,,,
0,,,,,,,,,
0,,,,,,,,,
0,,,,,,,,,
0,,,,,,,,,
0,,,,,,,,,
0,,,,,,,,,
0,,,,,,,,,
0,,,,,,,,,
0,,,,,,,,,
0,,,,,,,,,
0,,,,,,,,,
0,,,,,,,,,
0,,,,,,,,,
0,,,,,,,,,
0,,,,,,,,,
0,,,,,,,,,
0,,,,,,,,,
0,,,,,,,,,
0,,,,,,,,,
0,,,,,,,,,
0,,,,,,,,,
0,,,,,,,,,
0,,,,,,,,,
0,,,,,,,,,
0,,,,,,,,,
0,,,,,,,,,
0,,,,,,,,,
0,,,,,,,,,
0,,,,,,,,,
0,,,,,,,,,
0,,,,,,,,,
0,,,,,,,,,
0,,,,,,,,,
0,,,,,,,,,
0,,,,,,,,,
0,,,,,,,,,
0,,,,,,,,,
0,,,,,,,,,
0,,,,,,,,,
0,,,,,,,,,
0,,,,,,,,,
0,,,,,,,,,
0,,,,,,,,,
0,,,,,,,,,
0,,,,,,,,,
0,,,,,,,,,
0,,,,,,,,,
0,,,,,,,,,
0,,,,,,,,,
0,,,,,,,,,
0,,,,,,,,,
0,,,,,,,,,
0,,,,,,,,,
0,,,,,,,,,
0,,,,,,,,,
0,,,,,,,,,
0,,,,,,,,,
0,,,,,,,,,
0,,,,,,,,,
0,,,,,,,,,
0,,,,,,,,,
0,,,,,,,,,
0,,,,,,,,,
0,,,,,,,,,
0,,,,,,,,,
0,,,,,,,,,
0,,,,,,,,,
0,,,,,,,,,
0,,,,,,,,,
0,,,,,,,,,
0,,,,,,,,,
0,,,,,,,,,
0,,,,,,,,,
0,,,,,,,,,
0,,,,,,,,,
0,,,,,,,,,
0,,,,,,,,,
0,,,,,,,,,
0,,,,,,,,,
0,,,,,,,,,
0,,,,,,,,,
0,,,,,,,,,
0,,,,,,,,,
0,,,,,,,,,
0,,,,,,,,,
0,,,,,,,,,
0,,,,,,,,,
0,,,,,,,,,
0,,,,,,,,,
0,,,,,,,,,
0,,,,,,,,,
0,,,,,,,,,
0,,,,,,,,,
0,,,,,,,,,
0,,,,,,,,,
0,,,,,,,,,
0,,,,,,,,,
0,,,,,,,,,
0,,,,,,,,,
0,,,,,,,,,
0,,,,,,,,,
0,,,,,,,,,
0,,,,,,,,,
0,,,,,,,,,
0,,,,,,,,,
0,,,,,,,,,
0,,,,,,,,,
0,,,,,,,,,
0,,,,,,,,,
0,,,,,,,,,
0,,,,,,,,,
0,,,,,,,,,
0,,,,,,,,,
0,,,,,,,,,
0,,,,,,,,,
0,,,,,,,,,
0,,,,,,,,,
0,,,,,,,,,
0,,,,,,,,,
0,,,,,,,,,
0,,,,,,,,,
0,,,,,,,,,
0,,,,,,,,,
0,,,,,,,,,
0,,,,,,,,,
0,,,,,,,,,
0,,,,,,,,,
0,,,,,,,,,
0,,,,,,,,,
0,,,,,,,,,
0,,,,,,,,,
0,,,,,,,,,
0,,,,,,,,,
0,,,,,,,,,
0,,,,,,,,,
0,,,,,,,,,
0,,,,,,,,,
0,,,,,,,,,
0,,,,,,,,,
0,,,,,,,,,
0,,,,,,,,,
0,,,,,,,,,
0,,,,,,,,,
0,,,,,,,,,
0,,,,,,,,,
0,,,,,,,,,
0,,,,,,,,,
0,,,,,,,,,
0,,,,,,,,,
0,,,,,,,,,
0,,,,,,,,,
0,,,,,,,,,
0,,,,,,,,,
0,,,,,,,,,
0,,,,,,,,,
0,,,,,,,,,
0,,,,,,,,,
0,,,,,,,,,
0,,,,,,,,,
0,,,,,,,,,
0,,,,,,,,,
0,,,,,,,,,
0,,,,,,,,,
0,,,,,,,,,
0,,,,,,,,,
0,,,,,,,,,
0,,,,,,,,,
0,,,,,,,,,
0,,,,,,,,,
0,,,,,,,,,
0,,,,,,,,,
0,,,,,,,,,
0,,,,,,,,,
0,,,,,,,,,
0,,,,,,,,,
0,,,,,,,,,
0,,,,,,,,,
0,,,,,,,,,
0,,,,,,,,,
0,,,,,,,,,
0,,,,,,,,,
0,,,,,,,,,
0,,,,,,,,,
0,,,,,,,,,
0,,,,,,,,,
0,,,,,,,,,
0,,,,,,,,,
0,,,,,,,,,
0,,,,,,,,,
0,,,,,,,,,
0,,,,,,,,,
0,,,,,,,,,
0,,,,,,,,,
0,,,,,,,,,
0,,,,,,,,,
0,,,,,,,,,
0,,,,,,,,,
0,,,,,,,,,
0,,,,,,,,,
0,,,,,,,,,
0,,,,,,,,,
0,,,,,,,,,
0,,,,,,,,,
0,,,,,,,,,
0,,,,,,,,,
0,,,,,,,,,
0,,,,,,,,,
0,,,,,,,,,
0,,,,,,,,,
0,,,,,,,,,
0,,,,,,,,,
0,,,,,,,,,
0,,,,,,,,,
0,,,,,,,,,
0,,,,,,,,,
0,,,,,,,,,
0,,,,,,,,,
0,,,,,,,,,
0,,,,,,,,,
0,,,,,,,,,
0,,,,,,,,,
0,,,,,,,,,
0,,,,,,,,,
0,,,,,,,,,
0,,,,,,,,,
0,,,,,,,,,
0,,,,,,,,,
0,,,,,,,,,
0,,,,,,,,,
0,,,,,,,,,
0,,,,,,,,,
0,,,,,,,,,
0,,,,,,,,,
0,,,,,,,,,
0,,,,,,,,,
0,,,,,,,,,
0,,,,,,,,,
0,,,,,,,,,
0,,,,,,,,,
0,,,,,,,,,
0,,,,,,,,,
0,,,,,,,,,
0,,,,,,,,,
0,,,,,,,,,
0,,,,,,,,,
0,,,,,,,,,
0,,,,,,,,,
0,,,,,,,,,
0,,,,,,,,,
0,,,,,,,,,
0,,,,,,,,,
0,,,,,,,,,
0,,,,,,,,,
0,,,,,,,,,
0,,,,,,,,,
0,,,,,,,,,
0,,,,,,,,,
0,,,,,,,,,
0,,,,,,,,,
0,,,,,,,,,
0,,,,,,,,,
0,,,,,,,,,
0,,,,,,,,,
0,,,,,,,,,
0,,,,,,,,,
0,,,,,,,,,
0,,,,,,,,,
0,,,,,,,,,
0,,,,,,,,,
0,,,,,,,,,
0,,,,,,,,,
0,,,,,,,,,
0,,,,,,,,,
0,,,,,,,,,
0,,,,,,,,,
0,,,,,,,,,
0,,,,,,,,,
0,,,,,,,,,
0,,,,,,,,,
0,,,,,,,,,
0,,,,,,,,,
0,,,,,,,,,
0,,,,,,,,,
0,,,,,,,,,
0,,,,,,,,,
0,,,,,,,,,
0,,,,,,,,,
0,,,,,,,,,
0,,,,,,,,,
0,,,,,,,,,
0,,,,,,,,,
0,,,,,,,,,
0,,,,,,,,,
0,,,,,,,,,
0,,,,,,,,,
0,,,,,,,,,
0,,,,,,,,,
0,,,,,,,,,
0,,,,,,,,,
0,,,,,,,,,
0,,,,,,,,,
0,,,,,,,,,
0,,,,,,,,,
0,,,,,,,,,
0,,,,,,,,,
0,,,,,,,,,
0,,,,,,,,,
0,,,,,,,,,
0,,,,,,,,,
0,,,,,,,,,
0,,,,,,,,,
0,,,,,,,,,
0,,,,,,,,,
0,,,,,,,,,
0,,,,,,,,,
0,,,,,,,,,
0,,,,,,,,,
0,,,,,,,,,
0,,,,,,,,,
0,,,,,,,,,
0,,,,,,,,,
0,,,,,,,,,
0,,,,,,,,,
0,,,,,,,,,
0,,,,,,,,,
0,,,,,,,,,
0,,,,,,,,,
0,,,,,,,,,
0,,,,,,,,,
0,,,,,,,,,
0,,,,,,,,,
0,,,,,,,,,
0,,,,,,,,,
0,,,,,,,,,
0,,,,,,,,,
0,,,,,,,,,
0,,,,,,,,,
0,,,,,,,,,
0,,,,,,,,,
0,,,,,,,,,
0,,,,,,,,,
0,,,,,,,,,
0,,,,,,,,,
0,,,,,,,,,
0,,,,,,,,,
0,,,,,,,,,
0,,,,,,,,,
0,,,,,,,,,
0,,,,,,,,,
0,,,,,,,,,
0,,,,,,,,,
0,,,,,,,,,
0,,,,,,,,,
0,,,,,,,,,
0,,,,,,,,,
0,,,,,,,,,
0,,,,,,,,,
0,,,,,,,,,
0,,,,,,,,,
0,,,,,,,,,
0,,,,,,,,,
0,,,,,,,,,
0,,,,,,,,,
0,,,,,,,,,
0,,,,,,,,,
0,,,,,,,,,
0,,,,,,,,,
0,,,,,,,,,
0,,,,,,,,,
0,,,,,,,,,
0,,,,,,,,,
0,,,,,,,,,
0,,,,,,,,,
0,,,,,,,,,
0,,,,,,,,,
0,,,,,,,,,
0,,,,,,,,,
0,,,,,,,,,
0,,,,,,,,,
0,,,,,,,,,
0,,,,,,,,,
0,,,,,,,,,
0,,,,,,,,,
0,,,,,,,,,
0,,,,,,,,,
0,,,,,,,,,
0,,,,,,,,,
0,,,,,,,,,
0,,,,,,,,,
0,,,,,,,,,
0,,,,,,,,,
0,,,,,,,,,
0,,,,,,,,,
0,,,,,,,,,
0,,,,,,,,,
0,,,,,,,,,
0,,,,,,,,,
0,,,,,,,,,
0,,,,,,,,,
0,,,,,,,,,
0,,,,,,,,,
0,,,,,,,,,
0,,,,,,,,,
0,,,,,,,,,
0,,,,,,,,,
0,,,,,,,,,
0,,,,,,,,,
0,,,,,,,,,
0,,,,,,,,,
0,,,,,,,,,
0,,,,,,,,,
0,,,,,,,,,
0,,,,,,,,,
0,,,,,,,,,
0,,,,,,,,,
0,,,,,,,,,
0,,,,,,,,,
0,,,,,,,,,
0,,,,,,,,,
0,,,,,,,,,
0,,,,,,,,,
0,,,,,,,,,
0,,,,,,,,,
0,,,,,,,,,
0,,,,,,,,,
0,,,,,,,,,
0,,,,,,,,,
0,,,,,,,,,
0,,,,,,,,,
0,,,,,,,,,
0,,,,,,,,,
0,,,,,,,,,
0,,,,,,,,,
0,,,,,,,,,
0,,,,,,,,,
0,,,,,,,,,
0,,,,,,,,,
0,,,,,,,,,
0,,,,,,,,,
0,,,,,,,,,
0,,,,,,,,,
0,,,,,,,,,
0,,,,,,,,,
0,,,,,,,,,
0,,,,,,,,,
0,,,,,,,,,
0,,,,,,,,,
0,,,,,,,,,
0,,,,,,,,,
0,,,,,,,,,
0,,,,,,,,,
0,,,,,,,,,
0,,,,,,,,,
0,,,,,,,,,
0,,,,,,,,,
0,,,,,,,,,
0,,,,,,,,,
0,,,,,,,,,
0,,,,,,,,,
0,,,,,,,,,
0,,,,,,,,,
0,,,,,,,,,
0,,,,,,,,,
0,,,,,,,,,
0,,,,,,,,,
0,,,,,,,,,
0,,,,,,,,,
0,,,,,,,,,
0,,,,,,,,,
0,,,,,,,,,
0,,,,,,,,,
0,,,,,,,,,
0,,,,,,,,,
0,,,,,,,,,
0,,,,,,,,,
0,,,,,,,,,
0,,,,,,,,,
0,,,,,,,,,
0,,,,,,,,,
0,,,,,,,,,
0,,,,,,,,,
0,,,,,,,,,
0,,,,,,,,,
0,,,,,,,,,
0,,,,,,,,,
0,,,,,,,,,
0,,,,,,,,,
0,,,,,,,,,
0,,,,,,,,,
0,,,,,,,,,
0,,,,,,,,,
0,,,,,,,,,
0,,,,,,,,,
0,,,,,,,,,
0,,,,,,,,,
0,,,,,,,,,
0,,,,,,,,,
0,,,,,,,,,
0,,,,,,,,,
0,,,,,,,,,
0,,,,,,,,,
0,,,,,,,,,
0,,,,,,,,,
0,,,,,,,,,
0,,,,,,,,,
0,,,,,,,,,
0,,,,,,,,,
0,,,,,,,,,
0,,,,,,,,,
0,,,,,,,,,
0,,,,,,,,,
0,,,,,,,,,
0,,,,,,,,,
0,,,,,,,,,
0,,,,,,,,,
0,,,,,,,,,
0,,,,,,,,,
0,,,,,,,,,
0,,,,,,,,,
0,,,,,,,,,
0,,,,,,,,,
0,,,,,,,,,
0,,,,,,,,,
0,,,,,,,,,
0,,,,,,,,,
0,,,,,,,,,
0,,,,,,,,,
0,,,,,,,,,
0,,,,,,,,,
0,,,,,,,,,
0,,,,,,,,,
0,,,,,,,,,
0,,,,,,,,,
0,,,,,,,,,
0,,,,,,,,,
0,,,,,,,,,
0,,,,,,,,,
0,,,,,,,,,
0,,,,,,,,,
0,,,,,,,,,
0,,,,,,,,,
0,,,,,,,,,
0,,,,,,,,,
0,,,,,,,,,
0,,,,,,,,,
0,,,,,,,,,
0,,,,,,,,,
0,,,,,,,,,
0,,,,,,,,,
0,,,,,,,,,
0,,,,,,,,,
0,,,,,,,,,
0,,,,,,,,,
0,,,,,,,,,
0,,,,,,,,,
0,,,,,,,,,
0,,,,,,,,,
0,,,,,,,,,
0,,,,,,,,,
0,,,,,,,,,
0,,,,,,,,,
0,,,,,,,,,
0,,,,,,,,,
0,,,,,,,,,
0,,,,,,,,,
0,,,,,,,,,
0,,,,,,,,,
0,,,,,,,,,
0,,,,,,,,,
0,,,,,,,,,
0,,,,,,,,,
0,,,,,,,,,
0,,,,,,,,,
0,,,,,,,,,
0,,,,,,,,,
0,,,,,,,,,
0,,,,,,,,,
0,,,,,,,,,
0,,,,,,,,,
0,,,,,,,,,
0,,,,,,,,,
0,,,,,,,,,
0,,,,,,,,,
0,,,,,,,,,
0,,,,,,,,,
0,,,,,,,,,
0,,,,,,,,,
0,,,,,,,,,
0,,,,,,,,,
0,,,,,,,,,
0,,,,,,,,,
0,,,,,,,,,
0,,,,,,,,,
0,,,,,,,,,
0,,,,,,,,,
0,,,,,,,,,
0,,,,,,,,,
0,,,,,,,,,
0,,,,,,,,,
0,,,,,,,,,
0,,,,,,,,,
0,,,,,,,,,
0,,,,,,,,,
0,,,,,,,,,
0,,,,,,,,,
0,,,,,,,,,
0,,,,,,,,,
0,,,,,,,,,
0,,,,,,,,,
0,,,,,,,,,
0,,,,,,,,,
0,,,,,,,,,
0,,,,,,,,,
0,,,,,,,,,
0,,,,,,,,,
0,,,,,,,,,
0,,,,,,,,,
0,,,,,,,,,
0,,,,,,,,,
0,,,,,,,,,
0,,,,,,,,,
0,,,,,,,,,
0,,,,,,,,,
0,,,,,,,,,
0,,,,,,,,,
0,,,,,,,,,
0,,,,,,,,,
0,,,,,,,,,
0,,,,,,,,,
0,,,,,,,,,
0,,,,,,,,,
0,,,,,,,,,
0,,,,,,,,,
0,,,,,,,,,
0,,,,,,,,,
0,,,,,,,,,
0,,,,,,,,,
0,,,,,,,,,
0,,,,,,,,,
0,,,,,,,,,
0,,,,,,,,,
0,,,,,,,,,
0,,,,,,,,,
0,,,,,,,,,
0,,,,,,,,,
0,,,,,,,,,
0,,,,,,,,,
0,,,,,,,,,
0,,,,,,,,,
0,,,,,,,,,
0,,,,,,,,,
0,,,,,,,,,
0,,,,,,,,,
0,,,,,,,,,
0,,,,,,,,,
0,,,,,,,,,
0,,,,,,,,,
0,,,,,,,,,
0,,,,,,,,,
0,,,,,,,,,
0,,,,,,,,,
0,,,,,,,,,
0,,,,,,,,,
0,,,,,,,,,
0,,,,,,,,,
0,,,,,,,,,
0,,,,,,,,,
0,,,,,,,,,
0,,,,,,,,,
0,,,,,,,,,
0,,,,,,,,,
0,,,,,,,,,
0,,,,,,,,,
0,,,,,,,,,
0,,,,,,,,,
0,,,,,,,,,
0,,,,,,,,,
0,,,,,,,,,
0,,,,,,,,,
0,,,,,,,,,
0,,,,,,,,,
0,,,,,,,,,
0,,,,,,,,,
0,,,,,,,,,
0,,,,,,,,,
0,,,,,,,,,
0,,,,,,,,,
0,,,,,,,,,
0,,,,,,,,,
0,,,,,,,,,
0,,,,,,,,,
0,,,,,,,,,
0,,,,,,,,,
0,,,,,,,,,
0,,,,,,,,,
0,,,,,,,,,
0,,,,,,,,,
0,,,,,,,,,
0,,,,,,,,,
0,,,,,,,,,
0,,,,,,,,,
0,,,,,,,,,
0,,,,,,,,,
0,,,,,,,,,
0,,,,,,,,,
0,,,,,,,,,
0,,,,,,,,,
0,,,,,,,,,
0,,,,,,,,,
0,,,,,,,,,
0,,,,,,,,,
0,,,,,,,,,
0,,,,,,,,,
0,,,,,,,,,
0,,,,,,,,,
0,,,,,,,,,
0,,,,,,,,,
0,,,,,,,,,
0,,,,,,,,,
0,,,,,,,,,
0,,,,,,,,,
0,,,,,,,,,
0,,,,,,,,,
0,,,,,,,,,
0,,,,,,,,,
0,,,,,,,,,
0,,,,,,,,,
0,,,,,,,,,
0,,,,,,,,,
0,,,,,,,,,
0,,,,,,,,,
0,,,,,,,,,
0,,,,,,,,,
0,,,,,,,,,
0,,,,,,,,,
0,,,,,,,,,
0,,,,,,,,,
0,,,,,,,,,
0,,,,,,,,,
0,,,,,,,,,
0,,,,,,,,,
0,,,,,,,,,
0,,,,,,,,,
0,,,,,,,,,
0,,,,,,,,,
0,,,,,,,,,
0,,,,,,,,,
0,,,,,,,,,
0,,,,,,,,,
0,,,,,,,,,
0,,,,,,,,,
0,,,,,,,,,
0,,,,,,,,,
0,,,,,,,,,
0,,,,,,,,,
0,,,,,,,,,
0,,,,,,,,,
0,,,,,,,,,
0,,,,,,,,,
0,,,,,,,,,
0,,,,,,,,,
0,,,,,,,,,
0,,,,,,,,,
0,,,,,,,,,
0,,,,,,,,,
0,,,,,,,,,
0,,,,,,,,,
0,,,,,,,,,
0,,,,,,,,,
0,,,,,,,,,
0,,,,,,,,,
0,,,,,,,,,
0,,,,,,,,,
0,,,,,,,,,
0,,,,,,,,,
0,,,,,,,,,
0,,,,,,,,,
0,,,,,,,,,
0,,,,,,,,,
0,,,,,,,,,
0,,,,,,,,,
0,,,,,,,,,
0,,,,,,,,,
0,,,,,,,,,
0,,,,,,,,,
0,,,,,,,,,
0,,,,,,,,,
0,,,,,,,,,
0,,,,,,,,,
0,,,,,,,,,
0,,,,,,,,,
0,,,,,,,,,
0,,,,,,,,,
0,,,,,,,,,
0,,,,,,,,,
0,,,,,,,,,
0,,,,,,,,,
0,,,,,,,,,
0,,,,,,,,,
0,,,,,,,,,
0,,,,,,,,,
0,,,,,,,,,
0,,,,,,,,,
0,,,,,,,,,
0,,,,,,,,,
0,,,,,,,,,
0,,,,,,,,,
0,,,,,,,,,
0,,,,,,,,,
0,,,,,,,,,
0,,,,,,,,,
0,,,,,,,,,
0,,,,,,,,,
0,,,,,,,,,
0,,,,,,,,,
0,,,,,,,,,
0,,,,,,,,,
0,,,,,,,,,
0,,,,,,,,,
0,,,,,,,,,
0,,,,,,,,,
0,,,,,,,,,
0,,,,,,,,,
0,,,,,,,,,
0,,,,,,,,,
0,,,,,,,,,
0,,,,,,,,,
0,,,,,,,,,
0,,,,,,,,,
0,,,,,,,,,
0,,,,,,,,,
0,,,,,,,,,
0,,,,,,,,,
0,,,,,,,,,
0,,,,,,,,,
0,,,,,,,,,
0,,,,,,,,,
0,,,,,,,,,
0,,,,,,,,,
0,,,,,,,,,
0,,,,,,,,,
0,,,,,,,,,
0,,,,,,,,,
0,,,,,,,,,
0,,,,,,,,,
0,,,,,,,,,
0,,,,,,,,,
0,,,,,,,,,
0,,,,,,,,,
0,,,,,,,,,
0,,,,,,,,,
0,,,,,,,,,
0,,,,,,,,,
0,,,,,,,,,
0,,,,,,,,,
0,,,,,,,,,
0,,,,,,,,,
0,,,,,,,,,
0,,,,,,,,,
0,,,,,,,,,
0,,,,,,,,,
0,,,,,,,,,
0,,,,,,,,,
0,,,,,,,,,
0,,,,,,,,,
0,,,,,,,,,
0,,,,,,,,,
0,,,,,,,,,
0,,,,,,,,,
0,,,,,,,,,
0,,,,,,,,,
0,,,,,,,,,
0,,,,,,,,,
0,,,,,,,,,
0,,,,,,,,,
0,,,,,,,,,
0,,,,,,,,,
0,,,,,,,,,
0,,,,,,,,,
0,,,,,,,,,
0,,,,,,,,,
0,,,,,,,,,
0,,,,,,,,,
0,,,,,,,,,
0,,,,,,,,,
0,,,,,,,,,
0,,,,,,,,,
0,,,,,,,,,
0,,,,,,,,,
0,,,,,,,,,
0,,,,,,,,,
0,,,,,,,,,
0,,,,,,,,,
0,,,,,,,,,
0,,,,,,,,,
0,,,,,,,,,
0,,,,,,,,,
0,,,,,,,,,
0,,,,,,,,,
0,,,,,,,,,
0,,,,,,,,,
0,,,,,,,,,
0,,,,,,,,,
0,,,,,,,,,
0,,,,,,,,,
0,,,,,,,,,
0,,,,,,,,,
0,,,,,,,,,
0,,,,,,,,,
0,,,,,,,,,
0,,,,,,,,,
0,,,,,,,,,
0,,,,,,,,,
0,,,,,,,,,
0,,,,,,,,,
0,,,,,,,,,
0,,,,,,,,,
0,,,,,,,,,
0,,,,,,,,,
0,,,,,,,,,
0,,,,,,,,,
0,,,,,,,,,
0,,,,,,,,,
0,,,,,,,,,
0,,,,,,,,,
0,,,,,,,,,
0,,,,,,,,,
0,,,,,,,,,
0,,,,,,,,,
0,,,,,,,,,
0,,,,,,,,,
0,,,,,,,,,
0,,,,,,,,,
0,,,,,,,,,
0,,,,,,,,,
0,,,,,,,,,
0,,,,,,,,,
0,,,,,,,,,
0,,,,,,,,,
0,,,,,,,,,
0,,,,,,,,,
0,,,,,,,,,
0,,,,,,,,,
0,,,,,,,,,
0,,,,,,,,,
0,,,,,,,,,
0,,,,,,,,,
0,,,,,,,,,
0,,,,,,,,,
0,,,,,,,,,
0,,,,,,,,,
0,,,,,,,,,
0,,,,,,,,,
0,,,,,,,,,
0,,,,,,,,,
0,,,,,,,,,
0,,,,,,,,,
0,,,,,,,,,
0,,,,,,,,,
0,,,,,,,,,
0,,,,,,,,,
0,,,,,,,,,
0,,,,,,,,,
0,,,,,,,,,
0,,,,,,,,,
0,,,,,,,,,
0,,,,,,,,,
0,,,,,,,,,
0,,,,,,,,,
0,,,,,,,,,
0,,,,,,,,,
0,,,,,,,,,
0,,,,,,,,,
0,,,,,,,,,
0,,,,,,,,,
0,,,,,,,,,
0,,,,,,,,,
0,,,,,,,,,
0,,,,,,,,,
0,,,,,,,,,
0,,,,,,,,,
0,,,,,,,,,
0,,,,,,,,,
0,,,,,,,,,
0,,,,,,,,,
0,,,,,,,,,
0,,,,,,,,,
0,,,,,,,,,
0,,,,,,,,,
0,,,,,,,,,
0,,,,,,,,,
0,,,,,,,,,
0,,,,,,,,,
0,,,,,,,,,
0,,,,,,,,,
0,,,,,,,,,
0,,,,,,,,,
0,,,,,,,,,
0,,,,,,,,,
0,,,,,,,,,
0,,,,,,,,,
0,,,,,,,,,
0,,,,,,,,,
0,,,,,,,,,
0,,,,,,,,,
0,,,,,,,,,
0,,,,,,,,,
0,,,,,,,,,
0,,,,,,,,,
0,,,,,,,,,
0,,,,,,,,,
0,,,,,,,,,
0,,,,,,,,,
0,,,,,,,,,
0,,,,,,,,,
0,,,,,,,,,
0,,,,,,,,,
0,,,,,,,,,
0,,,,,,,,,
0,,,,,,,,,
0,,,,,,,,,
0,,,,,,,,,
0,,,,,,,,,
0,,,,,,,,,
0,,,,,,,,,
0,,,,,,,,,
0,,,,,,,,,
0,,,,,,,,,
0,,,,,,,,,
0,,,,,,,,,
0,,,,,,,,,
0,,,,,,,,,
0,,,,,,,,,
0,,,,,,,,,
0,,,,,,,,,
0,,,,,,,,,
0,,,,,,,,,
0,,,,,,,,,
0,,,,,,,,,
0,,,,,,,,,
0,,,,,,,,,
0,,,,,,,,,
0,,,,,,,,,
0,,,,,,,,,
0,,,,,,,,,
0,,,,,,,,,
0,,,,,,,,,
0,,,,,,,,,
0,,,,,,,,,
0,,,,,,,,,
0,,,,,,,,,
0,,,,,,,,,
0,,,,,,,,,
0,,,,,,,,,
0,,,,,,,,,
0,,,,,,,,,
0,,,,,,,,,
0,,,,,,,,,
0,,,,,,,,,
0,,,,,,,,,
0,,,,,,,,,
0,,,,,,,,,
0,,,,,,,,,
0,,,,,,,,,
0,,,,,,,,,
0,,,,,,,,,
0,,,,,,,,,
0,,,,,,,,,
0,,,,,,,,,
0,,,,,,,,,
0,,,,,,,,,
0,,,,,,,,,
0,,,,,,,,,
0,,,,,,,,,
0,,,,,,,,,
0,,,,,,,,,
0,,,,,,,,,
0,,,,,,,,,
0,,,,,,,,,
0,,,,,,,,,
0,,,,,,,,,
0,,,,,,,,,
0,,,,,,,,,
0,,,,,,,,,
0,,,,,,,,,
0,,,,,,,,,
0,,,,,,,,,
0,,,,,,,,,
0,,,,,,,,,
0,,,,,,,,,
0,,,,,,,,,
0,,,,,,,,,
0,,,,,,,,,
0,,,,,,,,,
0,,,,,,,,,
0,,,,,,,,,
0,,,,,,,,,
0,,,,,,,,,
0,,,,,,,,,
0,,,,,,,,,
0,,,,,,,,,
0,,,,,,,,,
0,,,,,,,,,
0,,,,,,,,,
0,,,,,,,,,
0,,,,,,,,,
0,,,,,,,,,
0,,,,,,,,,
0,,,,,,,,,
0,,,,,,,,,
0,,,,,,,,,
0,,,,,,,,,
0,,,,,,,,,
0,,,,,,,,,
0,,,,,,,,,
0,,,,,,,,,
0,,,,,,,,,
0,,,,,,,,,
0,,,,,,,,,
0,,,,,,,,,
0,,,,,,,,,
0,,,,,,,,,
0,,,,,,,,,
0,,,,,,,,,
0,,,,,,,,,
0,,,,,,,,,
0,,,,,,,,,
0,,,,,,,,,
0,,,,,,,,,
0,,,,,,,,,
0,,,,,,,,,
0,,,,,,,,,
0,,,,,,,,,
0,,,,,,,,,
0,,,,,,,,,
0,,,,,,,,,
0,,,,,,,,,
0,,,,,,,,,
0,,,,,,,,,
0,,,,,,,,,
0,,,,,,,,,
0,,,,,,,,,
0,,,,,,,,,
0,,,,,,,,,
0,,,,,,,,,
0,,,,,,,,,
0,,,,,,,,,
0,,,,,,,,,
0,,,,,,,,,
0,,,,,,,,,
0,,,,,,,,,
0,,,,,,,,,
0,,,,,,,,,
0,,,,,,,,,
0,,,,,,,,,
0,,,,,,,,,
0,,,,,,,,,
0,,,,,,,,,
0,,,,,,,,,
0,,,,,,,,,
0,,,,,,,,,
0,,,,,,,,,
0,,,,,,,,,
0,,,,,,,,,
0,,,,,,,,,
0,,,,,,,,,
0,,,,,,,,,
0,,,,,,,,,
0,,,,,,,,,
0,,,,,,,,,
0,,,,,,,,,
0,,,,,,,,,
0,,,,,,,,,
0,,,,,,,,,
0,,,,,,,,,
0,,,,,,,,,
0,,,,,,,,,
0,,,,,,,,,
0,,,,,,,,,
0,,,,,,,,,
0,,,,,,,,,
0,,,,,,,,,
0,,,,,,,,,
0,,,,,,,,,
0,,,,,,,,,
0,,,,,,,,,
0,,,,,,,,,
0,,,,,,,,,
0,,,,,,,,,
0,,,,,,,,,
0,,,,,,,,,
0,,,,,,,,,
0,,,,,,,,,
0,,,,,,,,,
0,,,,,,,,,
0,,,,,,,,,
0,,,,,,,,,
0,,,,,,,,,
0,,,,,,,,,
0,,,,,,,,,
0,,,,,,,,,
0,,,,,,,,,
0,,,,,,,,,
0,,,,,,,,,
0,,,,,,,,,
0,,,,,,,,,
0,,,,,,,,,
0,,,,,,,,,
0,,,,,,,,,
0,,,,,,,,,
0,,,,,,,,,
0,,,,,,,,,
0,,,,,,,,,
0,,,,,,,,,
0,,,,,,,,,
0,,,,,,,,,
0,,,,,,,,,
0,,,,,,,,,
0,,,,,,,,,
0,,,,,,,,,
0,,,,,,,,,
0,,,,,,,,,
0,,,,,,,,,
0,,,,,,,,,
0,,,,,,,,,
0,,,,,,,,,
0,,,,,,,,,
0,,,,,,,,,
0,,,,,,,,,
0,,,,,,,,,
0,,,,,,,,,
0,,,,,,,,,
0,,,,,,,,,
0,,,,,,,,,
0,,,,,,,,,
0,,,,,,,,,
0,,,,,,,,,
0,,,,,,,,,
0,,,,,,,,,
0,,,,,,,,,
0,,,,,,,,,
0,,,,,,,,,
0,,,,,,,,,
0,,,,,,,,,
0,,,,,,,,,
0,,,,,,,,,
0,,,,,,,,,
0,,,,,,,,,
0,,,,,,,,,
0,,,,,,,,,
0,,,,,,,,,
0,,,,,,,,,
0,,,,,,,,,
0,,,,,,,,,
0,,,,,,,,,
0,,,,,,,,,
0,,,,,,,,,
0,,,,,,,,,
0,,,,,,,,,
0,,,,,,,,,
0,,,,,,,,,
0,,,,,,,,,
0,,,,,,,,,
0,,,,,,,,,
0,,,,,,,,,
0,,,,,,,,,
0,,,,,,,,,
0,,,,,,,,,
0,,,,,,,,,
0,,,,,,,,,
0,,,,,,,,,
0,,,,,,,,,
0,,,,,,,,,
0,,,,,,,,,
0,,,,,,,,,
0,,,,,,,,,
0,,,,,,,,,
0,,,,,,,,,
0,,,,,,,,,
0,,,,,,,,,
0,,,,,,,,,
0,,,,,,,,,
0,,,,,,,,,
0,,,,,,,,,
0,,,,,,,,,
0,,,,,,,,,
0,,,,,,,,,
0,,,,,,,,,
0,,,,,,,,,
0,,,,,,,,,
0,,,,,,,,,
0,,,,,,,,,
0,,,,,,,,,
0,,,,,,,,,
0,,,,,,,,,
0,,,,,,,,,
0,,,,,,,,,
0,,,,,,,,,
0,,,,,,,,,
0,,,,,,,,,
0,,,,,,,,,
0,,,,,,,,,
0,,,,,,,,,
0,,,,,,,,,
0,,,,,,,,,
0,,,,,,,,,
0,,,,,,,,,
0,,,,,,,,,
0,,,,,,,,,
0,,,,,,,,,
0,,,,,,,,,
0,,,,,,,,,
0,,,,,,,,,
0,,,,,,,,,
0,,,,,,,,,
0,,,,,,,,,
0,,,,,,,,,
0,,,,,,,,,
0,,,,,,,,,
0,,,,,,,,,
0,,,,,,,,,
0,,,,,,,,,
0,,,,,,,,,
0,,,,,,,,,
0,,,,,,,,,
0,,,,,,,,,
0,,,,,,,,,
0,,,,,,,,,
0,,,,,,,,,
0,,,,,,,,,
0,,,,,,,,,
0,,,,,,,,,
0,,,,,,,,,
0,,,,,,,,,
0,,,,,,,,,
0,,,,,,,,,
0,,,,,,,,,
0,,,,,,,,,
0,,,,,,,,,
0,,,,,,,,,
0,,,,,,,,,
0,,,,,,,,,
0,,,,,,,,,
0,,,,,,,,,
0,,,,,,,,,
0,,,,,,,,,
0,,,,,,,,,
0,,,,,,,,,
0,,,,,,,,,
0,,,,,,,,,
0,,,,,,,,,
0,,,,,,,,,
0,,,,,,,,,
0,,,,,,,,,
0,,,,,,,,,
0,,,,,,,,,
0,,,,,,,,,
0,,,,,,,,,
0,,,,,,,,,
0,,,,,,,,,
0,,,,,,,,,
0,,,,,,,,,
0,,,,,,,,,
0,,,,,,,,,
0,,,,,,,,,
0,,,,,,,,,
0,,,,,,,,,
0,,,,,,,,,
0,,,,,,,,,
0,,,,,,,,,
0,,,,,,,,,
0,,,,,,,,,
0,,,,,,,,,
0,,,,,,,,,
0,,,,,,,,,
0,,,,,,,,,
0,,,,,,,,,
0,,,,,,,,,
0,,,,,,,,,
0,,,,,,,,,
0,,,,,,,,,
0,,,,,,,,,
0,,,,,,,,,
0,,,,,,,,,
0,,,,,,,,,
0,,,,,,,,,
0,,,,,,,,,
0,,,,,,,,,
0,,,,,,,,,
0,,,,,,,,,
0,,,,,,,,,
0,,,,,,,,,
0,,,,,,,,,
0,,,,,,,,,
0,,,,,,,,,
0,,,,,,,,,
0,,,,,,,,,
0,,,,,,,,,
0,,,,,,,,,
0,,,,,,,,,
0,,,,,,,,,
0,,,,,,,,,
0,,,,,,,,,
0,,,,,,,,,
0,,,,,,,,,
0,,,,,,,,,
0,,,,,,,,,
0,,,,,,,,,
0,,,,,,,,,
0,,,,,,,,,
0,,,,,,,,,
0,,,,,,,,,
0,,,,,,,,,
0,,,,,,,,,
0,,,,,,,,,
0,,,,,,,,,
0,,,,,,,,,
0,,,,,,,,,
0,,,,,,,,,
0,,,,,,,,,
0,,,,,,,,,
0,,,,,,,,,
0,,,,,,,,,
0,,,,,,,,,
0,,,,,,,,,
0,,,,,,,,,
0,,,,,,,,,
0,,,,,,,,,
0,,,,,,,,,
0,,,,,,,,,
0,,,,,,,,,
0,,,,,,,,,
0,,,,,,,,,
0,,,,,,,,,
0,,,,,,,,,
0,,,,,,,,,
0,,,,,,,,,
0,,,,,,,,,
0,,,,,,,,,
0,,,,,,,,,
0,,,,,,,,,
0,,,,,,,,,
0,,,,,,,,,
0,,,,,,,,,
0,,,,,,,,,
0,,,,,,,,,
0,,,,,,,,,
0,,,,,,,,,
0,,,,,,,,,
0,,,,,,,,,
0,,,,,,,,,
0,,,,,,,,,
0,,,,,,,,,
0,,,,,,,,,
0,,,,,,,,,
0,,,,,,,,,
0,,,,,,,,,
0,,,,,,,,,
0,,,,,,,,,
0,,,,,,,,,
0,,,,,,,,,
0,,,,,,,,,
0,,,,,,,,,
0,,,,,,,,,
0,,,,,,,,,
0,,,,,,,,,
0,,,,,,,,,
0,,,,,,,,,
0,,,,,,,,,
0,,,,,,,,,
0,,,,,,,,,
0,,,,,,,,,
0,,,,,,,,,
0,,,,,,,,,
0,,,,,,,,,
0,,,,,,,,,
0,,,,,,,,,
0,,,,,,,,,
0,,,,,,,,,
0,,,,,,,,,
0,,,,,,,,,
0,,,,,,,,,
0,,,,,,,,,
0,,,,,,,,,
0,,,,,,,,,
0,,,,,,,,,
0,,,,,,,,,
0,,,,,,,,,
0,,,,,,,,,
0,,,,,,,,,
0,,,,,,,,,
0,,,,,,,,,
0,,,,,,,,,
0,,,,,,,,,
0,,,,,,,,,
0,,,,,,,,,
0,,,,,,,,,
0,,,,,,,,,
0,,,,,,,,,
0,,,,,,,,,
0,,,,,,,,,
0,,,,,,,,,
0,,,,,,,,,
0,,,,,,,,,
0,,,,,,,,,
0,,,,,,,,,
0,,,,,,,,,
0,,,,,,,,,
0,,,,,,,,,
0,,,,,,,,,
0,,,,,,,,,
0,,,,,,,,,
0,,,,,,,,,
0,,,,,,,,,
0,,,,,,,,,
0,,,,,,,,,
0,,,,,,,,,
0,,,,,,,,,
0,,,,,,,,,
0,,,,,,,,,
0,,,,,,,,,
0,,,,,,,,,
0,,,,,,,,,
0,,,,,,,,,
0,,,,,,,,,
0,,,,,,,,,
0,,,,,,,,,
0,,,,,,,,,
0,,,,,,,,,
0,,,,,,,,,
0,,,,,,,,,
0,,,,,,,,,
0,,,,,,,,,
0,,,,,,,,,
0,,,,,,,,,
0,,,,,,,,,
0,,,,,,,,,
0,,,,,,,,,
0,,,,,,,,,
0,,,,,,,,,
0,,,,,,,,,
0,,,,,,,,,
0,,,,,,,,,
0,,,,,,,,,
0,,,,,,,,,
0,,,,,,,,,
0,,,,,,,,,
0,,,,,,,,,
0,,,,,,,,,
0,,,,,,,,,
0,,,,,,,,,
0,,,,,,,,,
0,,,,,,,,,
0,,,,,,,,,
0,,,,,,,,,
0,,,,,,,,,
0,,,,,,,,,
0,,,,,,,,,
0,,,,,,,,,
0,,,,,,,,,
0,,,,,,,,,
0,,,,,,,,,
0,,,,,,,,,
0,,,,,,,,,
0,,,,,,,,,
0,,,,,,,,,
0,,,,,,,,,
0,,,,,,,,,
0,,,,,,,,,
0,,,,,,,,,
0,,,,,,,,,
0,,,,,,,,,
0,,,,,,,,,
0,,,,,,,,,
0,,,,,,,,,
0,,,,,,,,,
0,,,,,,,,,
0,,,,,,,,,
0,,,,,,,,,
0,,,,,,,,,
0,,,,,,,,,
0,,,,,,,,,
0,,,,,,,,,
0,,,,,,,,,
0,,,,,,,,,
0,,,,,,,,,
0,,,,,,,,,
0,,,,,,,,,
0,,,,,,,,,
0,,,,,,,,,
0,,,,,,,,,
0,,,,,,,,,
0,,,,,,,,,
0,,,,,,,,,
0,,,,,,,,,
0,,,,,,,,,
0,,,,,,,,,
0,,,,,,,,,
0,,,,,,,,,
0,,,,,,,,,
0,,,,,,,,,
0,,,,,,,,,
0,,,,,,,,,
0,,,,,,,,,
0,,,,,,,,,
0,,,,,,,,,
0,,,,,,,,,
0,,,,,,,,,
0,,,,,,,,,
0,,,,,,,,,
0,,,,,,,,,
0,,,,,,,,,
0,,,,,,,,,
0,,,,,,,,,
0,,,,,,,,,
0,,,,,,,,,
0,,,,,,,,,
0,,,,,,,,,
0,,,,,,,,,
0,,,,,,,,,
0,,,,,,,,,
0,,,,,,,,,
0,,,,,,,,,
0,,,,,,,,,
0,,,,,,,,,
0,,,,,,,,,
0,,,,,,,,,
0,,,,,,,,,
0,,,,,,,,,
0,,,,,,,,,
0,,,,,,,,,
0,,,,,,,,,
0,,,,,,,,,
0,,,,,,,,,
0,,,,,,,,,
0,,,,,,,,,
0,,,,,,,,,
0,,,,,,,,,
0,,,,,,,,,
0,,,,,,,,,
0,,,,,,,,,
0,,,,,,,,,
0,,,,,,,,,
0,,,,,,,,,
0,,,,,,,,,
0,,,,,,,,,
0,,,,,,,,,
0,,,,,,,,,
0,,,,,,,,,
0,,,,,,,,,
0,,,,,,,,,
0,,,,,,,,,
0,,,,,,,,,
0,,,,,,,,,
0,,,,,,,,,
0,,,,,,,,,
0,,,,,,,,,
0,,,,,,,,,
0,,,,,,,,,
0,,,,,,,,,
0,,,,,,,,,
0,,,,,,,,,
0,,,,,,,,,
0,,,,,,,,,
0,,,,,,,,,
0,,,,,,,,,
0,,,,,,,,,
0,,,,,,,,,
0,,,,,,,,,
0,,,,,,,,,
0,,,,,,,,,
0,,,,,,,,,
0,,,,,,,,,
0,,,,,,,,,
0,,,,,,,,,
0,,,,,,,,,
0,,,,,,,,,
0,,,,,,,,,
0,,,,,,,,,
0,,,,,,,,,
0,,,,,,,,,
0,,,,,,,,,
0,,,,,,,,,
0,,,,,,,,,
0,,,,,,,,,
0,,,,,,,,,
0,,,,,,,,,
0,,,,,,,,,
0,,,,,,,,,
0,,,,,,,,,
0,,,,,,,,,
0,,,,,,,,,
0,,,,,,,,,
0,,,,,,,,,
0,,,,,,,,,
0,,,,,,,,,
0,,,,,,,,,
0,,,,,,,,,
0,,,,,,,,,
0,,,,,,,,,
0,,,,,,,,,
0,,,,,,,,,
0,,,,,,,,,
0,,,,,,,,,
0,,,,,,,,,
0,,,,,,,,,
0,,,,,,,,,
0,,,,,,,,,
0,,,,,,,,,
0,,,,,,,,,
0,,,,,,,,,
0,,,,,,,,,
0,,,,,,,,,
0,,,,,,,,,
0,,,,,,,,,
0,,,,,,,,,
0,,,,,,,,,
0,,,,,,,,,
0,,,,,,,,,
0,,,,,,,,,
0,,,,,,,,,
0,,,,,,,,,
0,,,,,,,,,
0,,,,,,,,,
0,,,,,,,,,
0,,,,,,,,,
0,,,,,,,,,
0,,,,,,,,,
0,,,,,,,,,
0,,,,,,,,,
0,,,,,,,,,
0,,,,,,,,,
0,,,,,,,,,
0,,,,,,,,,
0,,,,,,,,,
0,,,,,,,,,
0,,,,,,,,,
0,,,,,,,,,
0,,,,,,,,,
0,,,,,,,,,
0,,,,,,,,,
0,,,,,,,,,
0,,,,,,,,,
0,,,,,,,,,
0,,,,,,,,,
0,,,,,,,,,
0,,,,,,,,,
0,,,,,,,,,
0,,,,,,,,,
0,,,,,,,,,
0,,,,,,,,,
0,,,,,,,,,
0,,,,,,,,,
0,,,,,,,,,
0,,,,,,,,,
0,,,,,,,,,
0,,,,,,,,,
0,,,,,,,,,
0,,,,,,,,,
0,,,,,,,,,
0,,,,,,,,,
0,,,,,,,,,
0,,,,,,,,,
0,,,,,,,,,
0,,,,,,,,,
0,,,,,,,,,
0,,,,,,,,,
0,,,,,,,,,
0,,,,,,,,,
0,,,,,,,,,
0,,,,,,,,,
1,,,,,,,,,
1,,,,,,,,,
1,,,,,,,,,
0,,,,,,,,,
0,,,,,,,,,
1,,,,,,,,,
1,,,,,,,,,
1,,,,,,,,,
1,,,,,,,,,
1,,,,,,,,,
1,,,,,,,,,
2,,,,,,,,,
2,,,,,,,,,
1,,,,,,,,,
2,,,,,,,,,
2,,,,,,,,,
2,,,,,,,,,
2,,,,,,,,,
2,,,,,,,,,
2,,,,,,,,,
2,,,,,,,,,
2,,,,,,,,,
3,,,,,,,,,
2,,,,,,,,,
3,,,,,,,,,
2,,,,,,,,,
3,,,,,,,,,
3,,,,,,,,,
2,,,,,,,,,
3,,,,,,,,,
3,,,,,,,,,
4,,,,,,,,,
4,,,,,,,,,
4,,,,,,,,,
3,,,,,,,,,
4,,,,,,,,,
3,,,,,,,,,
5,,,,,,,,,
4,,,,,,,,,
4,,,,,,,,,
4,,,,,,,,,
4,,,,,,,,,
5,,,,,,,,,
5,,,,,,,,,
5,,,,,,,,,
5,,,,,,,,,
6,,,,,,,,,
5,,,,,,,,,
6,,,,,,,,,
6,,,,,,,,,
7,,,,,,,,,
6,,,,,,,,,
7,,,,,,,,,
6,,,,,,,,,
7,,,,,,,,,
7,,,,,,,,,
8,,,,,,,,,
8,,,,,,,,,
8,,,,,,,,,
8,,,,,,,,,
9,,,,,,,,,
9,,,,,,,,,
9,,,,,,,,,
10,,,,,,,,,
10,,,,,,,,,
11,,,,,,,,,
10,,,,,,,,,
10,,,,,,,,,
11,,,,,,,,,
11,,,,,,,,,
11,,,,,,,,,
12,,,,,,,,,
11,,,,,,,,,
13,,,,,,,,,
13,,,,,,,,,
13,,,,,,,,,
13,,,,,,,,,
14,,,,,,,,,
14,,,,,,,,,
15,,,,,,,,,
15,,,,,,,,,
15,,,,,,,,,
16,,,,,,,,,
17,,,,,,,,,
17,,,,,,,,,
17,,,,,,,,,
17,,,,,,,,,
17,,,,,,,,,
18,,,,,,,,,
19,,,,,,,,,
19,,,,,,,,,
19,,,,,,,,,
20,,,,,,,,,
21,,,,,,,,,
20,,,,,,,,,
22,,,,,,,,,
22,,,,,,,,,
24,,,,,,,,,
24,,,,,,,,,
24,,,,,,,,,
25,,,,,,,,,
25,,,,,,,,,
26,,,,,,,,,
26,,,,,,,,,
28,,,,,,,,,
28,,,,,,,,,
29,,,,,,,,,
29,,,,,,,,,
30,,,,,,,,,
31,,,,,,,,,
32,,,,,,,,,
33,,,,,,,,,
33,,,,,,,,,
33,,,,,,,,,
35,,,,,,,,,
36,,,,,,,,,
37,,,,,,,,,
37,,,,,,,,,
38,,,,,,,,,
39,,,,,,,,,
40,,,,,,,,,
41,,,,,,,,,
41,,,,,,,,,
43,,,,,,,,,
44,,,,,,,,,
45,,,,,,,,,
46,,,,,,,,,
47,,,,,,,,,
48,,,,,,,,,
49,,,,,,,,,
50,,,,,,,,,
51,,,,,,,,,
52,,,,,,,,,
54,,,,,,,,,
55,,,,,,,,,
55,,,,,,,,,
57,,,,,,,,,
58,,,,,,,,,
59,,,,,,,,,
60,,,,,,,,,
61,,,,,,,,,
63,,,,,,,,,
65,,,,,,,,,
65,,,,,,,,,
66,,,,,,,,,
68,,,,,,,,,
68,,,,,,,,,
70,,,,,,,,,
71,,,,,,,,,
73,,,,,,,,,
74,,,,,,,,,
76,,,,,,,,,
77,,,,,,,,,
79,,,,,,,,,
80,,,,,,,,,
81,,,,,,,,,
83,,,,,,,,,
84,,,,,,,,,
87,,,,,,,,,
87,,,,,,,,,
88,,,,,,,,,
90,,,,,,,,,
93,,,,,,,,,
93,,,,,,,,,
95,,,,,,,,,
97,,,,,,,,,
99,,,,,,,,,
101,,,,,,,,,
102,,,,,,,,,
104,,,,,,,,,
106,,,,,,,,,
107,,,,,,,,,
109,,,,,,,,,
111,,,,,,,,,
112,,,,,,,,,
114,,,,,,,,,
116,,,,,,,,,
117,,,,,,,,,
119,,,,,,,,,
122,,,,,,,,,
125,,,,,,,,,
126,,,,,,,,,
128,,,,,,,,,
132,,,,,,,,,
134,,,,,,,,,
136,,,,,,,,,
138,,,,,,,,,
142,,,,,,,,,
144,,,,,,,,,
147,,,,,,,,,
150,,,,,,,,,
153,,,,,,,,,
156,,,,,,,,,
159,,,,,,,,,
163,,,,,,,,,
165,,,,,,,,,
168,,,,,,,,,
172,,,,,,,,,
175,,,,,,,,,
179,,,,,,,,,
182,,,,,,,,,
186,,,,,,,,,
189,,,,,,,,,
193,,,,,,,,,
196,,,,,,,,,
200,,,,,,,,,
203,,,,,,,,,
207,,,,,,,,,
211,,,,,,,,,
214,,,,,,,,,
218,,,,,,,,,
222,,,,,,,,,
226,,,,,,,,,
230,,,,,,,,,
233,,,,,,,,,
237,,,,,,,,,
240,,,,,,,,,
244,,,,,,,,,
248,,,,,,,,,
252,,,,,,,,,
256,,,,,,,,,
260,,,,,,,,,
264,,,,,,,,,
268,,,,,,,,,
272,,,,,,,,,
276,,,,,,,,,
280,,,,,,,,,
285,,,,,,,,,
289,,,,,,,,,
293,,,,,,,,,
297,,,,,,,,,
302,,,,,,,,,
305,,,,,,,,,
309,,,,,,,,,
312,,,,,,,,,
316,,,,,,,,,
320,,,,,,,,,
323,,,,,,,,,
327,,,,,,,,,
330,,,,,,,,,
334,,,,,,,,,
337,,,,,,,,,
340,,,,,,,,,
344,,,,,,,,,
347,,,,,,,,,
350,,,,,,,,,
354,,,,,,,,,
356,,,,,,,,,
360,,,,,,,,,
362,,,,,,,,,
365,,,,,,,,,
368,,,,,,,,,
370,,,,,,,,,
373,,,,,,,,,
375,,,,,,,,,
378,,,,,,,,,
380,,,,,,,,,
382,,,,,,,,,
384,,,,,,,,,
387,,,,,,,,,
389,,,,,,,,,
392,,,,,,,,,
394,,,,,,,,,
396,,,,,,,,,
399,,,,,,,,,
401,,,,,,,,,
403,,,,,,,,,
405,,,,,,,,,
407,,,,,,,,,
410,,,,,,,,,
412,,,,,,,,,
415,,,,,,,,,
418,,,,,,,,,
421,,,,,,,,,
423,,,,,,,,,
426,,,,,,,,,
429,,,,,,,,,
432,,,,,,,,,
434,,,,,,,,,
438,,,,,,,,,
440,,,,,,,,,
443,,,,,,,,,
447,,,,,,,,,
450,,,,,,,,,
453,,,,,,,,,
456,,,,,,,,,
459,,,,,,,,,
462,,,,,,,,,
465,,,,,,,,,
467,,,,,,,,,
469,,,,,,,,,
471,,,,,,,,,
473,,,,,,,,,
475,,,,,,,,,
476,,,,,,,,,
478,,,,,,,,,
480,,,,,,,,,
482,,,,,,,,,
484,,,,,,,,,
485,,,,,,,,,
487,,,,,,,,,
488,,,,,,,,,
489,,,,,,,,,
491,,,,,,,,,
492,,,,,,,,,
494,,,,,,,,,
496,,,,,,,,,
498,,,,,,,,,
500,,,,,,,,,
502,,,,,,,,,
504,,,,,,,,,
506,,,,,,,,,
510,,,,,,,,,
513,,,,,,,,,
516,,,,,,,,,
520,,,,,,,,,
524,,,,,,,,,
528,,,,,,,,,
532,,,,,,,,,
536,,,,,,,,,
540,,,,,,,,,
544,,,,,,,,,
547,,,,,,,,,
551,,,,,,,,,
555,,,,,,,,,
559,,,,,,,,,
563,,,,,,,,,
566,,,,,,,,,
569,,,,,,,,,
573,,,,,,,,,
576,,,,,,,,,
579,,,,,,,,,
582,,,,,,,,,
586,,,,,,,,,
589,,,,,,,,,
592,,,,,,,,,
595,,,,,,,,,
599,,,,,,,,,
603,,,,,,,,,
606,,,,,,,,,
609,,,,,,,,,
612,,,,,,,,,
615,,,,,,,,,
618,,,,,,,,,
622,,,,,,,,,
625,,,,,,,,,
628,,,,,,,,,
631,,,,,,,,,
634,,,,,,,,,
637,,,,,,,,,
639,,,,,,,,,
641,,,,,,,,,
644,,,,,,,,,
646,,,,,,,,,
648,,,,,,,,,
650,,,,,,,,,
652,,,,,,,,,
654,,,,,,,,,
657,,,,,,,,,
659,,,,,,,,,
661,,,,,,,,,
663,,,,,,,,,
665,,,,,,,,,
668,,,,,,,,,
670,,,,,,,,,
672,,,,,,,,,
674,,,,,,,,,
677,,,,,,,,,
679,,,,,,,,,
682,,,,,,,,,
684,,,,,,,,,
686,,,,,,,,,
688,,,,,,,,,
691,,,,,,,,,
693,,,,,,,,,
695,,,,,,,,,
697,,,,,,,,,
699,,,,,,,,,
701,,,,,,,,,
702,,,,,,,,,
704,,,,,,,,,
706,,,,,,,,,
708,,,,,,,,,
709,,,,,,,,,
711,,,,,,,,,
713,,,,,,,,,
714,,,,,,,,,
715,,,,,,,,,
716,,,,,,,,,
717,,,,,,,,,
718,,,,,,,,,
718,,,,,,,,,
719,,,,,,,,,
719,,,,,,,,,
720,,,,,,,,,
721,,,,,,,,,
721,,,,,,,,,
722,,,,,,,,,
723,,,,,,,,,
723,,,,,,,,,
724,,,,,,,,,
725,,,,,,,,,
726,,,,,,,,,
727,,,,,,,,,
728,,,,,,,,,
729,,,,,,,,,
729,,,,,,,,,
730,,,,,,,,,
731,,,,,,,,,
732,,,,,,,,,
733,,,,,,,,,
734,,,,,,,,,
735,,,,,,,,,
736,,,,,,,,,
736,,,,,,,,,
738,,,,,,,,,
738,,,,,,,,,
740,,,,,,,,,
740,,,,,,,,,
741,,,,,,,,,
742,,,,,,,,,
743,,,,,,,,,
744,,,,,,,,,
744,,,,,,,,,
745,,,,,,,,,
745,,,,,,,,,
746,,,,,,,,,
746,,,,,,,,,
746,,,,,,,,,
746,,,,,,,,,
746,,,,,,,,,
746,,,,,,,,,
747,,,,,,,,,
747,,,,,,,,,
747,,,,,,,,,
748,,,,,,,,,
749,,,,,,,,,
749,,,,,,,,,
750,,,,,,,,,
751,,,,,,,,,
751,,,,,,,,,
751,,,,,,,,,
752,,,,,,,,,
752,,,,,,,,,
753,,,,,,,,,
753,,,,,,,,,
753,,,,,,,,,
753,,,,,,,,,
753,,,,,,,,,
753,,,,,,,,,
754,,,,,,,,,
754,,,,,,,,,
755,,,,,,,,,
755,,,,,,,,,
756,,,,,,,,,
756,,,,,,,,,
756,,,,,,,,,
756,,,,,,,,,
756,,,,,,,,,
756,,,,,,,,,
756,,,,,,,,,
757,,,,,,,,,
756,,,,,,,,,
757,,,,,,,,,
757,,,,,,,,,
758,,,,,,,,,
758,,,,,,,,,
759,,,,,,,,,
760,,,,,,,,,
760,,,,,,,,,
761,,,,,,,,,
762,,,,,,,,,
762,,,,,,,,,
762,,,,,,,,,
762,,,,,,,,,
762,,,,,,,,,
762,,,,,,,,,
762,,,,,,,,,
762,,,,,,,,,
763,,,,,,,,,
763,,,,,,,,,
764,,,,,,,,,
764,,,,,,,,,
765,,,,,,,,,
766,,,,,,,,,
766,,,,,,,,,
767,,,,,,,,,
767,,,,,,,,,
767,,,,,,,,,
768,,,,,,,,,
769,,,,,,,,,
769,,,,,,,,,
770,,,,,,,,,
770,,,,,,,,,
770,,,,,,,,,
771,,,,,,,,,
771,,,,,,,,,
772,,,,,,,,,
773,,,,,,,,,
774,,,,,,,,,
775,,,,,,,,,
775,,,,,,,,,
776,,,,,,,,,
777,,,,,,,,,
777,,,,,,,,,
777,,,,,,,,,
777,,,,,,,,,
777,,,,,,,,,
777,,,,,,,,,
777,,,,,,,,,
777,,,,,,,,,
777,,,,,,,,,
778,,,,,,,,,
778,,,,,,,,,
778,,,,,,,,,
779,,,,,,,,,
779,,,,,,,,,
780,,,,,,,,,
780,,,,,,,,,
781,,,,,,,,,
781,,,,,,,,,
782,,,,,,,,,
784,,,,,,,,,
784,,,,,,,,,
785,,,,,,,,,
787,,,,,,,,,
788,,,,,,,,,
789,,,,,,,,,
790,,,,,,,,,
791,,,,,,,,,
792,,,,,,,,,
793,,,,,,,,,
794,,,,,,,,,
796,,,,,,,,,
797,,,,,,,,,
799,,,,,,,,,
800,,,,,,,,,
802,,,,,,,,,
803,,,,,,,,,
804,,,,,,,,,
805,,,,,,,,,
806,,,,,,,,,
806,,,,,,,,,
806,,,,,,,,,
807,,,,,,,,,
807,,,,,,,,,
808,,,,,,,,,
808,,,,,,,,,
809,,,,,,,,,
809,,,,,,,,,
809,,,,,,,,,
809,,,,,,,,,
809,,,,,,,,,
810,,,,,,,,,
809,,,,,,,,,
810,,,,,,,,,
809,,,,,,,,,
809,,,,,,,,,
809,,,,,,,,,
810,,,,,,,,,
810,,,,,,,,,
810,,,,,,,,,
811,,,,,,,,,
811,,,,,,,,,
812,,,,,,,,,
812,,,,,,,,,
813,,,,,,,,,
814,,,,,,,,,
815,,,,,,,,,
815,,,,,,,,,
816,,,,,,,,,
816,,,,,,,,,
817,,,,,,,,,
816,,,,,,,,,
816,,,,,,,,,
817,,,,,,,,,
816,,,,,,,,,
817,,,,,,,,,
817,,,,,,,,,
817,,,,,,,,,
817,,,,,,,,,
818,,,,,,,,,
818,,,,,,,,,
819,,,,,,,,,
819,,,,,,,,,
820,,,,,,,,,
821,,,,,,,,,
821,,,,,,,,,
822,,,,,,,,,
822,,,,,,,,,
823,,,,,,,,,
823,,,,,,,,,
824,,,,,,,,,
825,,,,,,,,,
825,,,,,,,,,
825,,,,,,,,,
825,,,,,,,,,
825,,,,,,,,,
825,,,,,,,,,
825,,,,,,,,,
825,,,,,,,,,
825,,,,,,,,,
825,,,,,,,,,
825,,,,,,,,,
825,,,,,,,,,
825,,,,,,,,,
826,,,,,,,,,
826,,,,,,,,,
826,,,,,,,,,
826,,,,,,,,,
827,,,,,,,,,
827,,,,,,,,,
827,,,,,,,,,
827,,,,,,,,,
827,,,,,,,,,
827,,,,,,,,,
827,,,,,,,,,
827,,,,,,,,,
827,,,,,,,,,
828,,,,,,,,,
828,,,,,,,,,
829,,,,,,,,,
830,,,,,,,,,
830,,,,,,,,,
831,,,,,,,,,
832,,,,,,,,,
832,,,,,,,,,
832,,,,,,,,,
832,,,,,,,,,
832,,,,,,,,,
832,,,,,,,,,
832,,,,,,,,,
831,,,,,,,,,
831,,,,,,,,,
831,,,,,,,,,
830,,,,,,,,,
829,,,,,,,,,
828,,,,,,,,,
828,,,,,,,,,
827,,,,,,,,,
827,,,,,,,,,
826,,,,,,,,,
825,,,,,,,,,
825,,,,,,,,,
824,,,,,,,,,
823,,,,,,,,,
823,,,,,,,,,
824,,,,,,,,,
823,,,,,,,,,
824,,,,,,,,,
825,,,,,,,,,
826,,,,,,,,,
828,,,,,,,,,
829,,,,,,,,,
831,,,,,,,,,
832,,,,,,,,,
833,,,,,,,,,
834,,,,,,,,,
834,,,,,,,,,
834,,,,,,,,,
834,,,,,,,,,
834,,,,,,,,,
833,,,,,,,,,
833,,,,,,,,,
832,,,,,,,,,
832,,,,,,,,,
832,,,,,,,,,
832,,,,,,,,,
832,,,,,,,,,
833,,,,,,,,,
833,,,,,,,,,
835,,,,,,,,,
836,,,,,,,,,
838,,,,,,,,,
840,,,,,,,,,
841,,,,,,,,,
842,,,,,,,,,
842,,,,,,,,,
842,,,,,,,,,
842,,,,,,,,,
841,,,,,,,,,
840,,,,,,,,,
840,,,,,,,,,
839,,,,,,,,,
839,,,,,,,,,
839,,,,,,,,,
839,,,,,,,,,
838,,,,,,,,,
838,,,,,,,,,
838,,,,,,,,,
837,,,,,,,,,
837,,,,,,,,,
837,,,,,,,,,
836,,,,,,,,,
836,,,,,,,,,
836,,,,,,,,,
836,,,,,,,,,
837,,,,,,,,,
838,,,,,,,,,
838,,,,,,,,,
839,,,,,,,,,
839,,,,,,,,,
839,,,,,,,,,
840,,,,,,,,,
840,,,,,,,,,
840,,,,,,,,,
840,,,,,,,,,
840,,,,,,,,,
840,,,,,,,,,
839,,,,,,,,,
839,,,,,,,,,
839,,,,,,,,,
839,,,,,,,,,
839,,,,,,,,,
839,,,,,,,,,
839,,,,,,,,,
839,,,,,,,,,
838,,,,,,,,,
837,,,,,,,,,
836,,,,,,,,,
836,,,,,,,,,
835,,,,,,,,,
834,,,,,,,,,
834,,,,,,,,,
834,,,,,,,,,
835,,,,,,,,,
836,,,,,,,,,
837,,,,,,,,,
838,,,,,,,,,
839,,,,,,,,,
840,,,,,,,,,
841,,,,,,,,,
841,,,,,,,,,
841,,,,,,,,,
840,,,,,,,,,
839,,,,,,,,,
838,,,,,,,,,
837,,,,,,,,,
835,,,,,,,,,
835,,,,,,,,,
834,,,,,,,,,
834,,,,,,,,,
835,,,,,,,,,
836,,,,,,,,,
838,,,,,,,,,
839,,,,,,,,,
840,,,,,,,,,
840,,,,,,,,,
841,,,,,,,,,
841,,,,,,,,,
841,,,,,,,,,
841,,,,,,,,,
841,,,,,,,,,
841,,,,,,,,,
841,,,,,,,,,
842,,,,,,,,,
843,,,,,,,,,
843,,,,,,,,,
844,,,,,,,,,
845,,,,,,,,,
845,,,,,,,,,
845,,,,,,,,,
845,,,,,,,,,
845,,,,,,,,,
845,,,,,,,,,
845,,,,,,,,,
845,,,,,,,,,
845,,,,,,,,,
845,,,,,,,,,
845,,,,,,,,,
845,,,,,,,,,
846,,,,,,,,,
847,,,,,,,,,
848,,,,,,,,,
849,,,,,,,,,
849,,,,,,,,,
850,,,,,,,,,
851,,,,,,,,,
851,,,,,,,,,
851,,,,,,,,,
851,,,,,,,,,
851,,,,,,,,,
851,,,,,,,,,
851,,,,,,,,,
851,,,,,,,,,
852,,,,,,,,,
852,,,,,,,,,
852,,,,,,,,,
853,,,,,,,,,
854,,,,,,,,,
854,,,,,,,,,
854,,,,,,,,,
855,,,,,,,,,
856,,,,,,,,,
856,,,,,,,,,
856,,,,,,,,,
857,,,,,,,,,
857,,,,,,,,,
857,,,,,,,,,
857,,,,,,,,,
857,,,,,,,,,
857,,,,,,,,,
858,,,,,,,,,
858,,,,,,,,,
858,,,,,,,,,
859,,,,,,,,,
859,,,,,,,,,
860,,,,,,,,,
860,,,,,,,,,
860,,,,,,,,,
860,,,,,,,,,
859,,,,,,,,,
859,,,,,,,,,
859,,,,,,,,,
859,,,,,,,,,
858,,,,,,,,,
858,,,,,,,,,
857,,,,,,,,,
855,,,,,,,,,
855,,,,,,,,,
854,,,,,,,,,
853,,,,,,,,,
852,,,,,,,,,
852,,,,,,,,,
852,,,,,,,,,
852,,,,,,,,,
853,,,,,,,,,
854,,,,,,,,,
855,,,,,,,,,
856,,,,,,,,,
857,,,,,,,,,
859,,,,,,,,,
860,,,,,,,,,
860,,,,,,,,,
862,,,,,,,,,
863,,,,,,,,,
863,,,,,,,,,
864,,,,,,,,,
864,,,,,,,,,
864,,,,,,,,,
864,,,,,,,,,
864,,,,,,,,,
864,,,,,,,,,
864,,,,,,,,,
864,,,,,,,,,
864,,,,,,,,,
864,,,,,,,,,
864,,,,,,,,,
864,,,,,,,,,
865,,,,,,,,,
865,,,,,,,,,
865,,,,,,,,,
866,,,,,,,,,
867,,,,,,,,,
867,,,,,,,,,
869,,,,,,,,,
870,,,,,,,,,
871,,,,,,,,,
872,,,,,,,,,
873,,,,,,,,,
874,,,,,,,,,
874,,,,,,,,,
875,,,,,,,,,
874,,,,,,,,,
874,,,,,,,,,
873,,,,,,,,,
873,,,,,,,,,
872,,,,,,,,,
871,,,,,,,,,
870,,,,,,,,,
869,,,,,,,,,
869,,,,,,,,,
868,,,,,,,,,
869,,,,,,,,,
869,,,,,,,,,
869,,,,,,,,,
870,,,,,,,,,
870,,,,,,,,,
871,,,,,,,,,
870,,,,,,,,,
870,,,,,,,,,
869,,,,,,,,,
869,,,,,,,,,
868,,,,,,,,,
867,,,,,,,,,
866,,,,,,,,,
864,,,,,,,,,
863,,,,,,,,,
862,,,,,,,,,
861,,,,,,,,,
860,,,,,,,,,
859,,,,,,,,,
858,,,,,,,,,
858,,,,,,,,,
858,,,,,,,,,
859,,,,,,,,,
859,,,,,,,,,
860,,,,,,,,,
862,,,,,,,,,
864,,,,,,,,,
866,,,,,,,,,
868,,,,,,,,,
870,,,,,,,,,
872,,,,,,,,,
874,,,,,,,,,
875,,,,,,,,,
876,,,,,,,,,
876,,,,,,,,,
876,,,,,,,,,
876,,,,,,,,,
876,,,,,,,,,
875,,,,,,,,,
874,,,,,,,,,
873,,,,,,,,,
873,,,,,,,,,
872,,,,,,,,,
872,,,,,,,,,
871,,,,,,,,,
871,,,,,,,,,
871,,,,,,,,,
871,,,,,,,,,
871,,,,,,,,,
870,,,,,,,,,
869,,,,,,,,,
869,,,,,,,,,
869,,,,,,,,,
869,,,,,,,,,
869,,,,,,,,,
869,,,,,,,,,
870,,,,,,,,,
871,,,,,,,,,
873,,,,,,,,,
874,,,,,,,,,
876,,,,,,,,,
878,,,,,,,,,
880,,,,,,,,,
882,,,,,,,,,
884,,,,,,,,,
885,,,,,,,,,
887,,,,,,,,,
887,,,,,,,,,
888,,,,,,,,,
888,,,,,,,,,
888,,,,,,,,,
888,,,,,,,,,
887,,,,,,,,,
886,,,,,,,,,
885,,,,,,,,,
885,,,,,,,,,
884,,,,,,,,,
883,,,,,,,,,
883,,,,,,,,,
883,,,,,,,,,
883,,,,,,,,,
884,,,,,,,,,
885,,,,,,,,,
885,,,,,,,,,
885,,,,,,,,,
886,,,,,,,,,
886,,,,,,,,,
886,,,,,,,,,
885,,,,,,,,,
885,,,,,,,,,
884,,,,,,,,,
884,,,,,,,,,
883,,,,,,,,,
882,,,,,,,,,
882,,,,,,,,,
881,,,,,,,,,
881,,,,,,,,,
881,,,,,,,,,
881,,,,,,,,,
881,,,,,,,,,
881,,,,,,,,,
881,,,,,,,,,
882,,,,,,,,,
882,,,,,,,,,
883,,,,,,,,,
884,,,,,,,,,
885,,,,,,,,,
886,,,,,,,,,
888,,,,,,,,,
888,,,,,,,,,
889,,,,,,,,,
889,,,,,,,,,
890,,,,,,,,,
889,,,,,,,,,
889,,,,,,,,,
889,,,,,,,,,
888,,,,,,,,,
889,,,,,,,,,
889,,,,,,,,,
889,,,,,,,,,
889,,,,,,,,,
890,,,,,,,,,
889,,,,,,,,,
890,,,,,,,,,
890,,,,,,,,,
890,,,,,,,,,
890,,,,,,,,,
890,,,,,,,,,
890,,,,,,,,,
889,,,,,,,,,
889,,,,,,,,,
889,,,,,,,,,
888,,,,,,,,,
888,,,,,,,,,
887,,,,,,,,,
887,,,,,,,,,
886,,,,,,,,,
885,,,,,,,,,
884,,,,,,,,,
883,,,,,,,,,
882,,,,,,,,,
881,,,,,,,,,
881,,,,,,,,,
881,,,,,,,,,
881,,,,,,,,,
880,,,,,,,,,
881,,,,,,,,,
881,,,,,,,,,
881,,,,,,,,,
882,,,,,,,,,
882,,,,,,,,,
882,,,,,,,,,
883,,,,,,,,,
883,,,,,,,,,
884,,,,,,,,,
884,,,,,,,,,
885,,,,,,,,,
885,,,,,,,,,
885,,,,,,,,,
886,,,,,,,,,
887,,,,,,,,,
887,,,,,,,,,
887,,,,,,,,,
887,,,,,,,,,
888,,,,,,,,,
888,,,,,,,,,
888,,,,,,,,,
889,,,,,,,,,
889,,,,,,,,,
889,,,,,,,,,
889,,,,,,,,,
890,,,,,,,,,
890,,,,,,,,,
890,,,,,,,,,
891,,,,,,,,,
891,,,,,,,,,
891,,,,,,,,,
892,,,,,,,,,
893,,,,,,,,,
893,,,,,,,,,
894,,,,,,,,,
895,,,,,,,,,
895,,,,,,,,,
895,,,,,,,,,
896,,,,,,,,,
896,,,,,,,,,
895,,,,,,,,,
895,,,,,,,,,
895,,,,,,,,,
895,,,,,,,,,
894,,,,,,,,,
894,,,,,,,,,
894,,,,,,,,,
893,,,,,,,,,
893,,,,,,,,,
894,,,,,,,,,
894,,,,,,,,,
895,,,,,,,,,
895,,,,,,,,,
895,,,,,,,,,
897,,,,,,,,,
897,,,,,,,,,
898,,,,,,,,,
899,,,,,,,,,
899,,,,,,,,,
899,,,,,,,,,
899,,,,,,,,,
899,,,,,,,,,
900,,,,,,,,,
900,,,,,,,,,
900,,,,,,,,,
899,,,,,,,,,
899,,,,,,,,,
899,,,,,,,,,
899,,,,,,,,,
899,,,,,,,,,
899,,,,,,,,,
900,,,,,,,,,
900,,,,,,,,,
900,,,,,,,,,
901,,,,,,,,,
901,,,,,,,,,
902,,,,,,,,,
903,,,,,,,,,
903,,,,,,,,,
904,,,,,,,,,
905,,,,,,,,,
905,,,,,,,,,
905,,,,,,,,,
905,,,,,,,,,
906,,,,,,,,,
906,,,,,,,,,
905,,,,,,,,,
905,,,,,,,,,
904,,,,,,,,,
904,,,,,,,,,
903,,,,,,,,,
903,,,,,,,,,
902,,,,,,,,,
901,,,,,,,,,
901,,,,,,,,,
901,,,,,,,,,
901,,,,,,,,,
901,,,,,,,,,
902,,,,,,,,,
902,,,,,,,,,
903,,,,,,,,,
904,,,,,,,,,
905,,,,,,,,,
906,,,,,,,,,
907,,,,,,,,,
908,,,,,,,,,
909,,,,,,,,,
910,,,,,,,,,
911,,,,,,,,,
912,,,,,,,,,
912,,,,,,,,,
913,,,,,,,,,
913,,,,,,,,,
914,,,,,,,,,
914,,,,,,,,,
914,,,,,,,,,
914,,,,,,,,,
914,,,,,,,,,
914,,,,,,,,,
914,,,,,,,,,
914,,,,,,,,,
913,,,,,,,,,
913,,,,,,,,,
913,,,,,,,,,
913,,,,,,,,,
913,,,,,,,,,
913,,,,,,,,,
913,,,,,,,,,
914,,,,,,,,,
914,,,,,,,,,
915,,,,,,,,,
916,,,,,,,,,
917,,,,,,,,,
918,,,,,,,,,
919,,,,,,,,,
920,,,,,,,,,
921,,,,,,,,,
923,,,,,,,,,
924,,,,,,,,,
925,,,,,,,,,
925,,,,,,,,,
925,,,,,,,,,
926,,,,,,,,,
925,,,,,,,,,
926,,,,,,,,,
926,,,,,,,,,
926,,,,,,,,,
926,,,,,,,,,
927,,,,,,,,,
928,,,,,,,,,
928,,,,,,,,,
929,,,,,,,,,
930,,,,,,,,,
930,,,,,,,,,
931,,,,,,,,,
932,,,,,,,,,
933,,,,,,,,,
934,,,,,,,,,
935,,,,,,,,,
936,,,,,,,,,
936,,,,,,,,,
937,,,,,,,,,
938,,,,,,,,,
939,,,,,,,,,
939,,,,,,,,,
939,,,,,,,,,
940,,,,,,,,,
939,,,,,,,,,
939,,,,,,,,,
939,,,,,,,,,
939,,,,,,,,,
938,,,,,,,,,
938,,,,,,,,,
938,,,,,,,,,
937,,,,,,,,,
938,,,,,,,,,
938,,,,,,,,,
938,,,,,,,,,
938,,,,,,,,,
938,,,,,,,,,
938,,,,,,,,,
938,,,,,,,,,
938,,,,,,,,,
938,,,,,,,,,
938,,,,,,,,,
938,,,,,,,,,
938,,,,,,,,,
938,,,,,,,,,
938,,,,,,,,,
938,,,,,,,,,
939,,,,,,,,,
939,,,,,,,,,
939,,,,,,,,,
939,,,,,,,,,
939,,,,,,,,,
939,,,,,,,,,
939,,,,,,,,,
940,,,,,,,,,
940,,,,,,,,,
940,,,,,,,,,
940,,,,,,,,,
940,,,,,,,,,
940,,,,,,,,,
940,,,,,,,,,
940,,,,,,,,,
940,,,,,,,,,
940,,,,,,,,,
940,,,,,,,,,
940,,,,,,,,,
941,,,,,,,,,
941,,,,,,,,,
942,,,,,,,,,
942,,,,,,,,,
943,,,,,,,,,
943,,,,,,,,,
943,,,,,,,,,
943,,,,,,,,,
943,,,,,,,,,
943,,,,,,,,,
942,,,,,,,,,
942,,,,,,,,,
941,,,,,,,,,
940,,,,,,,,,
940,,,,,,,,,
940,,,,,,,,,
940,,,,,,,,,
940,,,,,,,,,
940,,,,,,,,,
940,,,,,,,,,
941,,,,,,,,,
941,,,,,,,,,
942,,,,,,,,,
942,,,,,,,,,
943,,,,,,,,,
943,,,,,,,,,
944,,,,,,,,,
944,,,,,,,,,
944,,,,,,,,,
945,,,,,,,,,
945,,,,,,,,,
945,,,,,,,,,
945,,,,,,,,,
945,,,,,,,,,
945,,,,,,,,,
945,,,,,,,,,
945,,,,,,,,,
945,,,,,,,,,
946,,,,,,,,,
946,,,,,,,,,
946,,,,,,,,,
945,,,,,,,,,
946,,,,,,,,,
946,,,,,,,,,
946,,,,,,,,,
946,,,,,,,,,
946,,,,,,,,,
946,,,,,,,,,
946,,,,,,,,,
945,,,,,,,,,
945,,,,,,,,,
945,,,,,,,,,
945,,,,,,,,,
945,,,,,,,,,
946,,,,,,,,,
946,,,,,,,,,
947,,,,,,,,,
948,,,,,,,,,
951,,,,,,,,,
953,,,,,,,,,
954,,,,,,,,,
955,,,,,,,,,
955,,,,,,,,,
955,,,,,,,,,
956,,,,,,,,,
957,,,,,,,,,
957,,,,,,,,,
959,,,,,,,,,
960,,,,,,,,,
959,,,,,,,,,
960,,,,,,,,,
960,,,,,,,,,
